id,title
20,Node.js Backend 개발자
21,[단비] Node.js / React / Typescript 개발자를 모십니다!
22,Java 개발 (비즈니스플랫폼)
23,"[Coupang Pay] Principal, Technical Program Management"
24,[핀테크]파운트 Full-Stack Engineer
25,[핀테크] 파운트 프론트엔드 개발자
26,백엔드 서비스 개발
27,[다짐] 백엔드 개발자(1년 이상)
28,PHP MySQL Java 정규/경력 개발자 모집
29,프론트엔드 개발자 신입 채용
30,크립토네이도 서버 개발자
31,블록체인 서비스 백엔드 개발자
32,이더리움/클레이튼 기반 플랫폼 개발자
33,어드민 풀스택 개발자
34,QA 담당자
35,[지피에이코리아] 웹개발자 / 앱개발자 경력 채용.
36,인슈어테크 스타트업 (주)웰그램에서 함께하실 멋진 개발자님을 모십니다.
37,[프리윌린]프론트엔드 개발자(주니어)
38,[QA] QA Engineer(매쓰플랫)
39,[프리윌린]프론트엔드 개발자(시니어)
40,[개발]iOS 개발자(B2C 풀리)
41,[프리윌린]백엔드 개발자(시니어)
42,QA 엔지니어
43,iOS개발자
44,Backend Developer
45,Frontend Engineer
46,[신사업] TypeScript BackEnd 엔지니어
47,Front-End Developer(Angular)
48,[개발팀] 시니어 Full-stack 개발자 정규직(경력) 모집
49,[개발팀] 시니어 Front-end 개발자 정규직(경력) 모집
50,[개발팀] 사내 프로젝트 서버개발 정규직(경력) 모집
51,프론트엔드 엔지니어 (시니어)
52,데이터 엔지니어
53,백엔드 엔지니어 (시니어)
54,iOS 엔지니어
55,안드로이드 엔지니어
56,[아임포트] 개발/기획 동료와 함께 지원하기
57,[차이카드/페이] QA Engineer
58,[차이카드/페이] DevOps Engineer
59,[아임포트] Senior Front-end Engineer
60,[아임포트] Back-end Engineer
61,[아임포트] iOS Engineer (iOS 모바일 SDK 구축)
62,[차이카드/페이] QA Engineer
63,[신입/경력] 안드로이드/IOS 앱개발 (내일채움공제지원)
64,"웹 개발자 (HTML, Java, API개발 가능한 백엔드 개발자)"
65,산업용 IoT 백엔드 서버 개발자
66,모바일 앱 개발자(경력) 모집
67,(주)엔티엘헬스케어 Frontnd개발자(SW개발팀) 채용
68,서비스 및 UI/UX 기획자 경력직 채용 (SW개발팀)-(주)엔티엘헬스케어
69,[글로벌 B2C 앱] 자신감 넘치는 모바일 개발 시니어를 모십니다.
70,[슈가힐/네모] 서버개발자 (Server Developer)
71,데이터 엔지니어
72,백엔드/서버 개발자
73,"웹개발자 경력자 모집(PHP, Javascript)"
74,"드랍인 React, ReactNative 개발"
75,풀스택 엔지니어 - 경력 5년 이상
76,국민피티 iOS 앱 개발자
77,"[인공지능 AI 개발 ]딥러닝, 머신러닝 등 AI 개발 경력자를 모십니다."
78,Front-end  엔지니어
79,파이썬 백엔드 개발자
80,IT Compliance Engineer
81,Data Engineer
82,광고플랫폼 개발 전문가
83,GMP(Google Marketing Platform) 구글 마케팅 플랫폼 엔지니어
84,데이터 사이언티스트 전문가
85,"Android 엔지니어(Kotlin, RxKotlin, MVVM)"
86,Back-end  엔지니어
87,"✨머신러닝 리서처 (시니어, 주니어)"
88,프론트엔드 엔지니어 - 경력 2년 이상
89,프론트엔드 엔지니어 - 신입
90,테크 리드
91,VP of Engineering
92,소프트웨어 엔지니어 인턴 (전환형)
93,풀스택 엔지니어 - 경력 2년 이상
94,프론트엔드 엔지니어 - 경력 5년 이상
95,판다코퍼레이션에서 웹 Front-end 개발 경력직을 채용합니다.
96,서비스 및 플랫폼 개발자
97,back-end 개발자 구합니다.
98,Flutter 개발자
99,지구를 구하는 영웅들을 위하여! 풀스택 웹 개발자를 구합니다!
100,[자전거 스타트업] 백엔드 / 프론트엔드 개발자 팀원 모집
101,Back-end Engineer
102,"울산지사 인공지능/빅데이터 연구개발, 기술총괄 본부장급"
103,보안 운영 담당자 모집
104,대표이사보다 엉덩이가 무거운 백앤드 개발자를 찾습니다!
105,커머스 Web Frontend Developer
106,iOS개발을 자신하는 프론트앤드 개발자를 찾습니다!
107,백엔드 프로그래머
108,iOS 프로그래머
109,프론트엔드 프로그래머
110,안드로이드 프로그래머
111,백엔드 개발자
112,금융권 웹 개발자 프리랜서 모집
113,교육 플랫폼 frontend / backend 엔지니어
114,Front-end 개발자
115,Back-end 개발자
116,S/W개발
117,데이터 사이언티스트
118,백엔드 개발자
119,영상기반 인공지능 AI 피트니스 앱 개발자 경력직 2명 채용
120,API&Web 개발자 (Back-end_Senior)
121,API&Web 개발자 (Back-end_Junior)
122,상상텃밭 스마트팜 개발자 모집 - 경력
123,상상텃밭 스마트팜 개발자 모집 - 신입
124,React Native 소프트웨어 엔지니어
125,Frontend Software Engineer (AI tribe)
126,Junior Backend Software Engineer 백엔드 개발자
127,프론트엔드(vue.js) 개발자
128,로보틱스 개발자 ( Robotics Engineer )
129,Frontend / Backend 개발자
130,인프라자동화 백엔드
131,게임 개발QA 전문가
132,QA 업무시스템 기획
133,"Senior, QA Engineer (Coupang Eats)"
134,Cloud Management Service 개발자
135,Frontend Software Engineer (AI tribe)
136,"Principal, iOS Engineer (Coupang Eats)"
137,"Principal, Android Engineer (Coupang Eats)"
138,Senior Backend Software Engineer 백엔드 개발자
139,Junior Frontend Software Engineer 프론트엔드 개발자
140,Senior Frontend Software Engineer 프론트엔드 개발자
141,Back-end Engineer
142,Front-end Mobile Engineer
143,풀스택 개발자 (PHP)
144,프론트엔드 개발자
145,개발팀장(CTO)
146,백엔드 엔지니어 모집
147,데이터엔지니어 모집 (2명)
148,스타트업 전문 개발사 기술영업 채용
149,React Front-end 웹개발자 채용
150,Django Back-end 웹개발자 채용
151,React Native & Firebase 개발자 채용
152,빅인은 BackEnd Developer 채용중!
153,빅인은 Data Engineering 채용중!
154,빅인은 FrontEnd Developer 채용중!
155,탄탄한 음악 스타트업에서 CTO/백엔드 개발자를 모십니다
156,[원격근무] Web 프론트엔드 개발자
157,"iOS 개발자 채용, 산업기능요원 포함"
158,항공권 검색 엔진 개발자 채용 (경력직)
159,[웹/앱 SW개발자 채용]
160,안드로이드 개발 (경력직)
161,Product Manager
162,Machine Learning Engineer
163,[메가존/펜타클] 모바일앱 개발자 채용
164,[메가존/펜타클] 백엔드 / 데이터 엔지니어
165,[메가존/펜타클] 프론트엔드 개발자 채용
166,[메가존/펜타클] 프로덕트 오너 (Product Owner)
167,"Java, jsp 웹 개발자"
168,웹/앱 개발자 채용(신입/경력)
169,백엔드(Backend) 개발자
170,"[서울시,경기도,충북, 공공배달앱 선정기업 ] Web & Android 개발자 & C++개발자"
171,"웹 개발자, 백엔드 개발자"
172,벡엔드 개발자
173,[연봉 인상 최대 30%] Backend 백엔드 개발자 (경력)
174,시니어 백엔드 개발자 (Back-end Developer)
175,[현역 전직 / 보충역 신입] 백엔드 개발자 (Back-end Developer)
176,블록체인 개발자 (Blockchain Developer)
177,주니어 웹 개발자 (Web Developer)
178,Backend Server 개발자
179,Windows Client(C# WPF) 개발자
180,웹 개발자 (프론트엔드)
181,Robotics engineer (state estimation / SLAM)
182,Software engineer
183,프론트엔드 개발자
184,React-Native 개발자
185,백엔드 개발자
186,개발팀장
187,Software Test Engineer
188,라이브 커머스 서비스 개발
189,[FutureKitchen 퓨처키친] iOS 개발자 (iOS Developer)
190,Control engineer
191,스트리밍 서버 개발
192,안드로이드 개발자
193,"[전문연구요원 편입/전직] 음성인식/합성 엔진 개발 전문연구요원(병역 특례, 석사 이상)"
194,CTO
195,"웹 개발자(프론트, 백) 채용"
196,Messenger: Tech-Lead engineer
197,Billing: Tech-Lead engineer
198,Junior Site-Reliability-Engineer
199,Senior Site-Reliability-Engineer
200,"웹개발자 Frontend, Backend 개발자"
201,Data Scientist
202,Junior Data Engineer
203,Junior Data Scientist
204,Educational Software Engineer
205,프런트엔드 개발 (인턴/신입/경력/프리랜서)
206,벡엔드 개발자 채용 (인턴/신입/경력/프리랜서)
207,AI 솔루션 개발자  (인턴 / 신입 / 경력자 / 프리랜서 가능)
208,백엔드 엔지니어
209,Client Engineer
210,Server Software Engineer
211,머신러닝 엔지니어 [산업기능요원 복무 가능]
212,"ReactJs, ReactNative, NodeJs, PHP"
213,iOS 개발자 채용
214,php 웹프로그래머 (과장급) 를 모집 합니다.
215,백엔드
216,백엔드 개발자
217,창업 플랫폼] 창업인 IT개발직군 채용 (DAB/PHP)
218,Web Front-end Engineer
219,DevOps (Cloud Infra Engineer)
220,데이터분석 경진대회 플랫폼 개발 및 운영
221,웹 프론트엔드 개발자 채용
222,웹프론트 개발자{vue.js(spa)개발 경력자}
223,클라우드 플랫폼 엔지니어 경력 채용
224,"사내 전산 인프라 운영 / 정보 보안 / 사내 시스템 개발 담당 채용(사원, 대리급)"
225,"[전문연구요원 편입/전직] NLP/NLU 엔진 개발 전문연구요원(병역 특례, 석사 이상)"
226,"[전문연구요원 편입/전직] 백엔드 개발 분야 전문연구요원(병역 특례, 석사 이상)"
227,"[전문연구요원 편입/전직] 딥러닝/R&D 분야 전문연구요원(병역 특례, 석사 이상)"
228,[Coupang Pay] Backend Engineer (Product Engineering)
229,iOS 개발자
230,Backend개발자
231,백엔드개발자(PHP)
232,[경력] Back-End 서버 개발자
233,안드로이드 개발자
234,iOS 개발자
235,AI / Big Data 엔지니어 모집
236,[퍼블리셔/프론트엔드] 반응형 및 UX 개발
237,[개발] 프론트/서버 개발자(신입지원가능)
238,"머신비전/검사장비 SW 개발자 (C/C++, MFC)"
239,web 개발자
240,[링커리어] 웹 프론트엔드 개발(React 개발자)님을 모십니다.
241,[링커리어] 서버 개발자님을 모십니다.
242,ReactNative 엔지니어 채용
243,Android front-end developer
244,웹 프론트엔드 개발자
245,개발자
246,UI/DB 개발자
247,[개발] 네트워크 엔지니어
248,백엔드 java 서버 개발
249,데이터 분석 및 시각화
250,신약개발 인공지능 기업 바이오에이아이에서 딥러닝 개발자를 모십니다.
251,추천시스템 엔지니어 (AI Engineer specialized in Recommendation system)
252,[프리윌린]백엔드 개발자(B2C 풀리)
253,"응용프로그램 개발 (C#, Node.js) 경력사원 모집"
254,머신러닝 엔지니어
255,웹개발자
256,Front-end 개발자(인턴 및 경력)
257,Back-end 개발자(인턴 및 경력)
258,[멋쟁이사자처럼]HR 플랫폼 백엔드 개발자
259,(주)멋쟁이사자처럼 강사채용
260,[멋쟁이사자처럼]HR 플랫폼 프론트엔드 개발자
261,백엔드 서비스 개발
262,블록체인 기반 신규 서비스 프론트엔드 개발자 경력 채용
263,블록체인 기반 신규 서비스 백엔드 개발자 경력 채용
264,iOS 개발자 (전문연구원 가능)
265,Backend Engineer (전문연구요원 신규/편입 가능)
266,Android 개발자 (전문연구원 가능)
267,"Messenger 백엔드개발자(Java Kotlin, Websocket)"
268,프론트 앱 개발
269,Mechanical Engineer (기구설계)
270,Mechanical Engineer (C++ CAD/FEA 소프트웨어 개발)
271,SRE Engineer
272,Product Manager (1-3년차 주니어급)
273,"Software Engineer (백엔드 개발, Node.js)"
274,"Principal, Backend Engineer (Coupang Eats)"
275,[기획]Product Owner
276,✨프론트엔드 개발자
277,웹 프론트엔드 엔지니어
278,"Software Engineer, Machine Learning (전문연구요원 지원가능/산업기능요원 보충역 지원가능)"
279,Back-end Engineer (전문연구요원/산업기능요원 보충역 지원가능)
280,블록오디세이 경력직 React / React Native / JavaScript개발자 모집 공고
281,SW Engineer
282,Front-end Developer
283,인프라 모니터링 및 유지관리 담당자
284,딥러닝 엔지니어(신입/경력)
285,iOS 개발자
286,시니어 웹 프론트엔드 개발자 (Web Front-end)
287,Android 개발자
288,FW 프로그래머
289,ARCUS 서버 개발자 모집
290,프론트엔드 개발자 (병특/산업기능요원 가능)
291,iOS 개발리드
292,iOS 개발자 (병특/산업기능요원 가능)
293,DevOps 시니어 엔지니어
294,Android 개발자 (병특/산업기능요원 가능)
295,머신러닝 엔지니어
296,시니어 백엔드 개발자
297,Linux기반 C++/C 경력 개발자 모집
298,Window기반 자율주행통신(V2X) 관련 S/W 개발자 모집
299,영상처리(Image Processing) S/W 개발 분야 (신입/경력)
300,백엔드 개발자(Node.js)
301,안드로이드 개발자
302,웹 개발자
303,프론트엔드 개발자 모집(경력 3년 이상)
304,전자서명 솔루션 SI컨설팅 담당자 모집(국내 B2B)
305,[보안정책팀] 전자금융보안 매니저
306,Data Engineer
307,백엔드 개발 담당자(PHP)
308,검색 개발
309,웹 프론트엔드 개발자 (시니어)
310,풀스택 개발자(Full-stack Developer)
311,Senior Solution Quality Engineer
312,챗봇 자연어 처리 개발
313,데이터 분석(Data Scientist)
314,IT 콘텐츠 스타트업 <플랜위드>에서 iOS개발자를 구합니다!
315,Junior Solution Quality Engineer
316,IT 콘텐츠 스타트업 <플랜위드>에서 서버개발자를 구합니다!
317,[헬퍼로보틱스] 임베디드 SW 개발자 모집합니다.
318,DevOps (데브옵스)
319,백엔드 서버 개발자 (Node.js / TypeScript)
320,백엔드 개발자(경력)
321,앱 개발자 (경력)
322,"플랫폼서비스기획자, APP개발자, 서버/웹개발자"
323,"[산업기능요원] 웹 프론트엔드 엔지니어(신입, 전직)"
324,"[산업기능요원] 백엔드 엔지니어(신입, 전직)"
325,Backend Developer / 백엔드 서버 개발자
326,프론트엔드 개발자 (Frontend Developer)
327,DBA (Database Engineer)
328,개발팀 안드로이드 앱 개발자
329,개발팀 백엔드 개발자
330,[핀테크 기업] 개발팀 Front-end 경력자 채용
331,Software Engineer (Front-end) (신입/경력)
332,"200만 유저의 선택, 헤어핏의 리액트 웹 프론트엔드 개발자를 모십니다"
333,[1등 소개팅앱] IOS 앱 개발자 모집
334,[1등 소개팅앱] 안드로이드 앱 개발자 모집
335,경력 소프트웨어 개발자
336,"백엔드 엔지니어 (nodejs, graphQL, typeorm)"
337,[크로켓] 프론트엔드 웹 개발자
338,"프론트엔드 엔지니어 (React, NextJS)"
339,QA 엔지니어
340,Back-end 개발
341,Front-end 개발
342,하이브리드 앱 개발자
343,프론트엔드 개발자 채용
344,백엔드 개발자 채용
345,기술지원 담당 채용
346,[인스테리어] 프론트엔드 개발자 (React.js)
347,[인스테리어] 리액트 네이티브 개발자
348,"React, React Native 개발자 (경력 2년이상)"
349,백엔드 개발자
350,개발팀 - 모바일 개발자(전문연구요원 가능)
351,"서버, 프론트엔드 개발자 (전문연구요원 가능)"
352,프론트엔드(Front-end) 개발자 모집
353,Android NDK 개발자 / 안드로이드 앱 유지보수 및 개발자
354,[어라운더블] 픽앤픽 iOS 개발자 채용
355,"[어라운더블] 테크 리드, CTO"
356,React를 사용하시는 프론트앤드 개발자 분을 모십니다.
357,[중고나라] 웹프론트엔드 개발 팀장
358,[크로켓] 백엔드 서버개발자
359,Firmware Engineer
360,Android Developer
361,Genesislab의 다양한 웹 서비스 개발
362,Backend Engineer
363,[중고나라] 데이터매니지먼트 리더 채용
364,[중고나라] 서비스 서버 개발
365,[중고나라] 모니터링 시스템 개발 전문가 채용
366,서버 개발
367,이미지 기반 검색 및 추천
368,[중고나라] 검색엔진 개발
369,[중고나라] iOS 개발
370,[중고나라] 커머스 서비스 개발
371,[중고나라] 광고플랫폼 개발
372,[중고나라] 안드로이드 개발
373,데이터 기반 추천 서비스 개발
374,[중고나라] 웹프론트엔드 개발
375,[중고나라] DBA 개발
376,[중고나라] 앱푸시 서비스 개발
377,[중고나라] 시스템엔지니어
378,[중고나라] 데이터 사이언티스트 전문가 채용
379,[중고나라] 데이터랩 리더 채용
380,프론트엔드 개발자
381,자율주행/영상처리/빅데이터/서버/앱 분야 개발자 모집
382,빅데이터 엔지니어
383,"React-Native , React 프론트엔드 개발자 채용합니다."
384,백엔드 경력직 모집
385,서버/풀스택 개발자 경력직 채용
386,프론트엔드 개발자_경력
387,데이터 엔지니어 경력직 채용
388,[물류 스타트업] 웹 프론트엔드(Vue.js) 개발자를 찾고 있습니다!
389,[물류 스타트업] Node.js 백엔드 개발자 채용
390,산업기능요원 병역특례 개발자 모집(보충역/현역)
391,[B마트] 안드로이드 개발자
392,프론트엔드 개발자 (3년 이상)
393,백엔드 개발자 (3년 이상)
394,[데이터팀] 데이터 분석가/사이언티스트
395,Web 프론트엔드 개발자
396,백엔드 웹 개발자 / Back-end Web Developer
397,앱 개발자(리엑트네이티브)
398,"머신러닝, 자연어처리(NLP) 연구원(팀장, 팀원) 모집"
399,위티(주) 프론트엔드 개발자 O명 채용
400,프론트엔드(모바일 앱) 개발자 모집
401,[Backend] 데이터 엔지니어/아키텍트로 성장하고 싶은 개발자
402,백엔드 디벨로퍼 시니어
403,프론트엔드 디벨로퍼 시니어
404,FrontEnd / BackEnd 개발자 모십니다.
405,웹 프론트엔드(재택근무 가능/1~2인실 제공/공부시간 제공)
406,웹 프론트엔드(인턴-재택근무 및 정규직 전환 가능/재택근무 가능/1~2인실 제공/공부시간 제공)
407,웹 백엔드(재택근무 가능/1~2인실 제공/공부시간 제공)
408,[인공지능/OTT] 풀스택 개발자 모집 (경력/정규직)
409,백엔드 개발자(Back-End Engineer)모집(경력/프리랜서)
410,팜에어와 함께 할 프론트 개발자 (ReactJS)를 모집합니다.
411,[이스포츠 플랫폼] 웹 풀스택 개발자를 모십니다.
412,QA 엔지니어 담당자
413,"주니어 백엔드 엔지니어(산업기능요원 보충역, 전직)"
414,DevOps 엔지니어
415,[데이터팀] 프론트엔드(Front-end) 개발자(3년 이상)
416,빌링 시스템 개발자
417,[NLU팀] 인공지능 서비스 개발 프론트엔드(신입)
418,서버 개발자(Backend Software Engineer)
419,프론트엔드 엔지니어
420,데이터 엔지니어
421,Security Engineer (기술보안)
422,주니어 백엔드 엔지니어
423,프론트엔드 엔지니어(리더급)
424,프론트엔드 엔지니어 (주니어)
425,백엔드 엔지니어
426,백엔드/DevOps 개발자 모집
427,Mobile Software Engineer
428,커머스 iOS Developer
429,커머스 Backend Developer
430,Software Engineer
431,음식 분석 AI 개발자(경력)
432,음식 분석 AI 개발자(신입)
433,소프트웨어 엔지니어
434,백엔드 개발 및 서버관리
435,메디히어에서 웹 프론트엔드 개발자를 찾습니다.
436,메디히어에서 리액트 네이티브(Android) 개발자를 찾습니다.
437,세줄일기 안드로이드 개발자(신입/경력)를 찾습니다~!!!
438,웹 프론트엔드 개발자
439,서버 개발자
440,Assistant Software Engineer
441,Software Engineer (New Graduates/Experienced)
442,파이썬/장고 웹 개발자
443,비바이노베이션 안드로이드 개발자 채용
444,[동거동락-프롭테크] WEB 개발자 모십니다.
445,머신러닝/인공지능 개발 연구
446,블록체인 벡엔드 개발자 (기술 리서치 포지션)
447,Django 백엔드 개발 멤버를 찾습니다!
448,딥러닝 / 컴퓨터비전 알고리즘 개발자
449,리액트 개발자 채용
450,[AI 솔루션 기업] 머신 비전 R&D (팀원~리더급)
451,"Software Engineer(C++, OpenGL, Windows)"
452,시공서비스 Backend Developer
453,DBA
454,시공서비스 Web Frontend Developer
455,커머스 Android Developer
456,자율주행 알고리즘 개발자
457,"Software Engineer(C#, Python)"
458,(주)소울매치 안드로이드 App(데이팅앱) 개발자 정규직 채용
459,iOS Engineer
460,플랫가든과 함께할 젊은 선배를 구합니다.(Backend Engineer)
461,"백엔드 개발자 [신입, 경력]"
462,"비전 분야 인공지능 연구원 [신입, 경력] (산업전문요원 가능)"
463,"프론트엔드 개발자 [신입, 경력]"
464,Frontend/backend 웹 개발자
465,웹 개발자
466,딥러닝 엔지니어
467,[ESTsecurity] C/C++ 리눅스 소프트웨어 개발자 (신입가능)
468,[야놀자IDS] Back-End Java 개발자
469,이커머스 물류 스타트업 시스템 개발자 채용
470,커머스 풀스택 개발자
471,R&D연구소 응용프로그램 개발자 채용
472,[Wonderwall] Back-End 개발자
473,R&D연구소 모바일파트 채용
474,R&D연구소 개발자 채용
475,"(채용안내) 국내대기업, MS365 서비스 운영 담당자 - 1명 채용"
476,"(채용안내) 국내대기업, 데이터 엔지니어링 (Data Engineer) 채용"
477,프론트엔드 개발자
478,Java Spring API 개발자
479,푸른새벽 기술 연구소 수석 채용
480,함께 성장하는 풀스택 개발자(경력직 5년이상)를 찾습니다.
481,프론트 개발자
482,백엔드 개발자
483,(주)휴넷 Java개발자 경력직 모집
484,React 프론트엔드 개발자
485,[강남지역] 빅데이터 분석 개발자
486,프론트엔드(Front-end developer)
487,"Messenger 백엔드개발자(PHP, Rest API)"
488,Java  백엔드 개발 담당자
489,안드로이드 앱 개발 담당자
490,"[강남지역] 빅데이터,인공지능 분석 논문/연구"
491,[강남지역] 빅데이터 분석/추론 개발자(데이터 사이언티스트)
492,개발 총괄 책임자-CTO
493,프론트엔드 개발자 채용(산업기능요원 가능)
494,iOS 앱 개발자(산업기능요원 가능)
495,플랫폼 백엔드 개발자 채용(산업기능요원 가능)
496,Android 앱 개발자(산업기능요원 가능)
497,파이썬 웹 개발자
498,AI 연구원 (머신러닝)
499,Taxonomy and Data Analytics Consultant
500,PHP 개발자
501,글로벌 이모티콘 솔루션을 만들어 갈 [경력직/팀장급 iOS 엔지니어]를 찾습니다!
502,글로벌 이모티콘 솔루션을 만들어 갈 [경력직/팀장급 Android 엔지니어]를 찾습니다!
503,[블록체인 l 핀테크] Defi 차익거래를 위한 스마트 컨트랙트 개발자를 모십니다
504,커머스 기반 플랫폼 운영 및 고도화 담당자 모집
505,백엔드 개발자
506,프론트엔드 개발자
507,페이워크 Typescript/Node.js 백엔드 개발자 채용
508,"주식 인플루언서와 커뮤니티 플랫폼 함께 개발하실 분 모십니다(CTO, Co-founder)"
509,React Native 엔지니어
510,웹 페이지 개발자
511,iOS 앱 개발자
512,신사업팀 · Java 서버(백엔드) 개발자
513,[Wonderwall] Front-End 개발자
514,Web Client Developer
515,사내 시스템 개발자
516,데브옵스 엔지니어
517,백엔드 개발자
518,Android 개발자
519,메시징 서버 개발자
520,프론트엔드 개발자(Web client) [프롭테크 스타트업 점프]
521,풀스택 개발자
522,백엔드 개발자
523,Django 풀스택 개발자 (산업기능요원)
524,프론트엔드 (신입/경력) 개발자
525,QA 담당자
526,백엔드 (신입/경력) 개발자
527,모바일 차량관리 1위 서비스 ‘마이클’ 안드로이드 개발자(경력) 모집
528,모바일 차량관리 1위 서비스 ‘마이클’ 서버개발자(경력) 모집
529,[펄핏]신발 사이즈 추천 서비스 Perfitt - 데이터 엔지니어
530,Site Reliable Engineer (SRE)
531,콘텐츠 iOS Developer
532,Lead Technical Solution Engineer
533,[ LYCLE ] Web-Front 개발자 (React)
534,Back-end(Java) 개발자
535,Front-end(React) 개발자
536,iOS 개발 인턴/경력 채용
537,Android 개발 인턴/경력 채용
538,3D 테크니컬 아티스트
539,React Native Developer (신입/경력)
540,얼굴 비율측정 앱 개발 가능 프로그래머
541,동남아 결제 서비스 개발자(3년차 이상)
542,백앤드 개발자
543,콘텐츠 Android Developer
544,[CAN LAB] 안드로이드 개발자
545,솔드아웃 Back-End 개발자
546,Backend Developer (산업기능요원)
547,콘텐츠 Backend Developer
548,Sr. Data Engineer
549,파이썬 백앤드 개발자
550,"핀테크기업 ""두나무""의 IOS 개발자"
551,게임 클라이언트 개발자
552,안드로이드 개발자 모집
553,[헬로마켓] 백엔드 개발자(Java-Spring) 채용
554,OZIC 개발자
555,함께 고민하고 성장할 수 있는 팀원을 찾습니다. (우선 개발자)
556,AR (Unity) 개발자
557,클라우드 서버 개발자
558,"뷰티헬스케어 시장을 선도하는 기업, 에포터에서 프론트 개발자를 모십니다."
559,B2B 유통관리 플랫폼 PHP 개발자
560,시니어 웹 개발자 (Vue.js)
561,Front-end 개발자 (Vue.js)
562,백엔드 개발자 (Java)
563,B2B 오픈마켓 PHP 개발자
564,서비스개발(모바일-iOS)
565,Global Development Partner & AI Adtech Startup
566,개발직군-플랫폼 개발자
567,개발직군-풀스택 개발자
568,Frontend / Backend Developer (Fullstack JS Developer) - 프론트엔드 개발자(폴스택 개발자)
569,[직톡] 백엔드 개발자
570,콘텐츠 Web Frontend Developer
571,Backend Software Engineer
572,Full-Stack Software Engineer
573,벡엔드 개발자 채용 (경력/리더)
574,React-Native 개발자 (신입 / 경력)
575,No.1 자동차 출장정비플랫폼 [카수리런오일] 백엔드 어플리케이션 개발자 인재영입
576,No.1 자동차 출장정비플랫폼 [카수리런오일] 프론트엔드 웹 어플리케이션 개발자 인재영입
577,No.1 자동차 출장정비플랫폼 [카수리런오일] iOS 어플리케이션 개발자 인재영입
578,No.1 자동차 출장정비플랫폼 [카수리런오일] 안드로이드 어플리케이션 개발자 인재영입
579,Back-End 개발자
580,Web Front-End 개발자
581,데이터 사이언티스트
582,"[헬스케어/핀테크] 백엔드(ASP.NET, C#, ASP) 개발자 신규채용"
583,360VR 영상제작
584,Front-end Engineer
585,Infra-System Engineer
586,[오픈플랜] back-end Developer 우수 인재를 모십니다.
587,Java 개발 (공통플랫폼)
588,운동 데이터 분석을 위한 데이터 사이언티스트
589,[회원플랫폼팀] Junior Back-end Developer
590,시니어 프론트 개발자
591,"Back-end Engineer (Python, 3년 이상)"
592,[토글] 프론트엔드 react 개발자 인재채용
593,구구스에서 함께 일할 개발자님을 모십니다.
594,[이노스페이스] 2021년 상반기 채용 - S/W개발
595,머신러닝 엔지니어
596,프론트엔드 프로그래머
597,백엔드 개발자 모집
598,[문카데미] 웹 프론트 엔드 개발자 채용공고 (채용시 마감)
599,프론트엔드 개발자(Vue.js) 채용
600,웹프로그래밍 개발자(back-end) 모집
601,영상그래픽 분야 SW 개발자 모집
602,[경력] 독일 완성차 인포테인먼트 시스템 테스팅을 위한 개발자 및 QA 엔지니어
603,보안 솔루션 개발
604,안드로이드 모바일 앱 개발자 모집
605,"개인 맞춤 취미(자기계발)상품 추천 서비스 코알라 개발 담당자 ( 프런트엔드 개발자 1인 , 백엔드 개발자 1인)"
606,프론트엔드 개발자
607,음성 인식 엔지니어
608,컴퓨터 비전 엔지니어
609,컴퓨터 비전 머신러닝 리서처 / 엔지니어 ( 딥러닝 제외 )
610,물류배송 Backend Developer
611,DevOps Engineer
612,A.I. Engine Developer
613,모바일 팀 리더
614,A.I. Engine Developer (인공지능 엔진 개발)
615,Mobile App Developer (iOS/Android 앱 개발자)
616,프론트엔드 팀장
617,백엔드 개발
618,Jr. 서버 개발자
619,"[패션 플랫폼] CTO 역할로 참여할 창립멤버를 모십니다.(지분참여, 외주개발 진행)"
620,백엔드 개발자 모십니다.
621,프론트엔드 개발자 모십니다.
622,"Cto [Full-Stack] 백엔드 Django or Java or node.JS, 프론트엔드 React.JS, React native 개발자 모십니다."
623,Robotics Software Engineer
624,웹 프론트엔드 개발자 (Vue)
625,AI 연구원
626,백엔드 엔지니어
627,리드 백엔드 엔지니어
628,풀스택 웹 개발자(React/Node.js)
629,모바일 iOS 및 안드로이드 개발자
630,[개발] 서버개발자
631,웹 퍼블리셔
632,[메디컬아이피] 의료영상처리 Windows S/W 개발자 모집
633,[메디컬아이피(춘천)] 연구개발분야 개발자 모집
634,"인공지능(A.I.) 연구 개발자 채용 (인턴/신입/경력), 산업기능요원 포함"
635,"안드로이드 개발자 채용 (Android), 산업기능요원 포함"
636,[상시채용] 키인사이드와 함께 할 블록체인 Web Service 개발자 모집
637,[비트홀라(주)] Junior Software developer 구인
638,"모바일 앱/웹 개발 경력 사원 채용 (Web, Android, iOS)"
639,AI 관심많은 백엔드 개발 경력자 모집
640,웹 서비스 개발자
641,Unity3D를 활용한 AR 교육 컨텐츠 개발
642,iOS 개발자
643,APP 개발
644,WEB 개발
645,블록체인 서비스 백엔드 개발자를 찾습니다.
646,블록체인 서비스 프론트엔드 개발자를 찾습니다.
647,"PHP, 자바  개발자 채용"
648,[전기아이피] 프론트 개발자
649,[전기아이피] DBA
650,[전기아이피] 게임 QA
651,웹 개발
652,Full Stack Typescript 개발자
653,임베디드 보드 제어 개발자
654,Software Engineer (CTO 지원 가능)
655,웹 시스템/플랫폼 개발자 (계약직)
656,"(주)테라젠바이오 프론트엔드 웹개발자 (PHP, Python) 채용"
657,"스마트 모빌리티, MaaS 플랫폼 서비스를 함께 만들어갈 iOS 어플리케이션 개발자를 모십니다."
658,GUI 소프트웨어 개발 신입 및 경력자 모집
659,웹퍼블리셔 고수를 찾습니다?‍?
660,"연구개발, Javascript/C++ 소프트웨어 개발자"
661,"모바일 보안 솔루션 개발 (병특 가능, 산업기능요원 보충역or전직, 전문연구요원)"
662,헬스앤메디슨에서 Hybrid Mobile Developer를 찾습니다!
663,헬스앤메디슨에서 Android Developer를 찾습니다!
664,헬스앤메디슨에서 java MVC 개발자를 모십니다.
665,헬스앤메디슨에서 Lead Developer를 찾습니다!
666,웹개발자 신입/경력채용(O2O)
667,데이터 사이언티스트
668,Core Engineer
669,Mobile Engineer
670,[ESTsoft] IT시스템 엔지니어
671,웹 개발
672,[ESTsoft] QA 담당자
673,데이터 엔지니어(주니어)
674,셀러파트 백엔드 개발자
675,Dev Relations Engineer
676,2021 (주)자이엔트 G-LAB 연구원 채용
677,Deep Learning 기반 back-end 시스템 운영 (MLops Engineer)
678,Deep Learning Engineer - AI 엔진 구축
679,Full-stack 개발자
680,전문연구요원채용
681,웹 퍼블리셔 모집
682,Unity 개발자
683,웹 개발자
684,Android / iOS 개발자 공고
685,웹개발자
686,웹 개발자 (Laravel & Vue) 를 찾습니다.
687,CRM•DW• ISP 컨설팅 / 분석설계 / 개발 정규직 채용
688,안드로이드 디벨로퍼 Android developer
689,열정과 능력이 넘치는 Data Scientist
690,인플루언서 마케팅 플랫폼 백엔드 개발자
691,[CAN LAB] Frontend Developer
692,[CAN LAB] iOS Developer
693,백엔드 서버 개발자
694,서버 개발자
695,프론트앤드 개발자
696,[메이크스타] 프론트 소프트웨어 엔지니어 [경력 1년이상]
697,[메이크스타] 프론트 소프트웨어 엔지니어 [경력 3년이상]
698,[메이크스타] 백엔드 소프트웨어 엔지니어(경력 1년이상)
699,웹 프론트 개발자 (경력)
700,웹 백엔드 개발자 (경력)
701,[미래사업부문] 내부시스템 개발자 채용
702,QA 엔지니어
703,서버 개발자(Python)
704,Data Engineer
705,프론트엔드 개발자
706,머신러닝 리서치 사이언티스트
707,[경력] 웹 프론트엔드 엔지니어
708,[연봉 인상 최대 30%] App 모바일 앱 개발자 (경력)
709,[브랜디] 백엔드 개발자
710,Cloud Engineer (클라우드 엔지니어) - 3년 이상
711,백엔드 개발자
712,Back-end 개발자(Node.js)
713,안드로이드 앱 개발자
714,IoT 하드웨어 개발
715,핀테크 앱 개발자
716,자동차튜닝 3D 가상체험 및 시공사 매칭 서비스 어플 개발자 모십니다.
717,모빌리티 서비스 프로덕트팀 웹 개발 멤버 분을 모셔요!
718,미니맵에서 React.js 개발자를 모십니다 :)
719,[틴캔(Tin Can)/소셜라디오컴퍼니] iOS 개발자
720,[틴캔(Tin Can)/소셜라디오컴퍼니] Android 개발자
721,iOS 가족을 모십니다~
722,Back end 개발자 채용 (모집)
723,Front end 개발자 채용 (모집)
724,[Junior] DROOT Back-End Developer
725,SW개발연구원 (SW Development Researcher)
726,[서버개발자] 모바일 자산관리 서비스(뱅큐) 서버 개발자 경력직
727,웹 프론트엔드 개발자
728,모바일 프론트엔드 개발자(Flutter)
729,Front-End 개발자 채용
730,빅데이터 기반 K-POP 플랫폼을 함께 만들어갈 Back -End 개발자를 찾습니다.
731,소프트웨어 개발 엔지니어
732,QA
733,[외국계] 안면 인식 기술 SW 유지보수 및 기술지원
734,"자바개발자, 백앤드, 웹개발자 모집"
735,React Native Client 개발자
736,IOS 개발자 채용
737,백엔드 개발 (Java/Spring) 채용
738,프론트엔드 개발 (React / Web) 채용
739,Android 개발자 채용
740,REACT-NATIVE 개발자를 모십니다.
741,백엔드 개발자
742,프론트엔드 개발자
743,(주)민트팟 iOS 개발자 경력 채용
744,(주)민트팟 본사 SI 개발 팀장 채용
745,퍼블리셔 경력직 채용
746,프론트엔드 경력직 채용
747,백엔드 엔지니어
748,프론트엔드 엔지니어
749,빅워크루와 함께 하실 IOS 개발자를 찾습니다
750,QA Tester
751,DevOps Lead
752,Android Developer
753,데이터 엔지니어 / Data Engineer
754,[챌린저스 앱] 프론트 개발자
755,DevOps Engineer
756,Backend Developer
757,안드로이드(Android) 개발
758,백엔드(Backend) 개발
759,빅워크루와 함께 하실 안드로이드 개발자를 찾습니다
760,Tech manager: back-end engineer
761,시니어 백엔드 엔지니어 (Senior back-end engineer)
762,주니어 웹 프론트엔드 엔지니어 (Junior Web front-end engineer)
763,"Tech manager: Site-Reliability-Engineer, SRE"
764,Senior data scientist
765,Tech manager: Quality
766,Tech manager - data scientist
767,Junior data scientist
768,Tech manager: web front-end engineer
769,주니어 백엔드 엔지니어 (Junior back-end engineer)
770,시니어 웹 프론트엔드 엔지니어 (Senior web front-end engineer)
771,소프트웨어 개발자
772,Tech Lead/Full-Stack Engineer
773,[CUCURBITA] 내일부터 출근과 함께 시작하며 성장할 Web 개발자를 목 빠지게 기다리고 있습니다.
774,PHP 웹개발자 채용
775,딥러닝 엔지니어 (석사이상)
776,R&D Deep Learning S/W Engineer
777,시스템 서버 구축 및 System integration
778,iOS 개발
779,Data Scientist
780,WebRTC 엔지니어
781,프로그램 및 앱 개발자
782,프론트엔드 개발자 (Frontend Engineer)
783,iOS Engineer
784,웹개발자
785,안드로이드 개발자
786,백엔드 서버개발자 채용 (IoT 코어 서버 개발)
787,서버 개발자 경력직 신규채용  (java / spring)
788,모바일 앱 개발자
789,라이브데이터와 함께 하실 Data Engineer를 찾습니다. (신입/경력)
790,iOS Application 개발자
791,프론트엔드 엔지니어 (웹 퍼블리셔)
792,[경력] 기술연구소 프론트앤드 개발자 정규직 채용
793,S.W 개발자 (모바일 어플리케이션)
794,더커머스 퍼블리셔 & 프론트엔드 개발자 모집
795,위계조직보다 역할조직에서 일하고 싶은 SW 개발자 및 관리자 분들 많이 지원해주세요 ^^
796,안드로이드 네이티브 개발자
797,웹/앱 서비스 팀장급 개발자 모집
798,"신발연구소에서 백엔드 개발자님을 모십니다. (Node.js, GraphQL)"
799,신발연구소에서 리액트 네이티브(react-native) 개발자님을 모십니다.
800,신발연구소에서 리액트(REACT) 개발자님을 모십니다.
801,백엔드 개발자 (Backend Engineer)
802,데이터 분석가/사이언티스트
803,웹 프론트엔드 개발자
804,게임 클라이언트 프로그래머
805,프론트엔드 개발자 (React Native)
806,클라이언트 개발자
807,"[Full-Stack] 경력직 백엔드 Node.js, 프론트엔드 React.js 풀스택 개발자 모십니다."
808,대전 지역 기업 레드윗 전문연구원 개발자 및 일반 개발 팀원 모집합니다.
809,프론트 개발자
810,플레이키보드 iOS 개발자를 모십니다(산업기능요원 보충역 지원가능).
811,[어플리케이션(Android) 개발자 채용]
812,[화룡점정 임박] 파도팀의 마지막 퍼즐 조각이 되어주실 킹갓제너럴 개발자님 모십니다.
813,백엔드 개발자 1명 (경력 3년 이상)
814,(주)앱플러 안드로이드 개발자(경력) 모집
815,IOS 개발자 정규직 모집(경력)
816,"(주) 앱플러 서버 백엔드, 웹 프론트 개발자 모집"
817,"응용소프트웨어 JAVA 개발자 / 웹프로그래머 (경력 1인), APP 개발자(안드로이드, 아이폰) (신입 1인)"
818,iOS/Android App React Native 프론트엔드 개발자
819,SW 개발 - Backend
820,모빌테크 기술개발팀 SW 개발 신입/경력 사원 채용
821,유니티 3D Pointcloud/AR 개발자 모집
822,모빌테크 기술개발팀 센서 융합 연구원 모집
823,앱 & 웹 개발자 모집
824,웹 백엔드 개발자 (Web Back-end Developer)
825,(급구)전자문서시스템 JAVA개발
826,[ST Unitas] System Engineer(경력) 모집
827,서버 팀장
828,데이터 엔지니어
829,안드로이드 앱 개발
830,웹 개발
831,서버개발
832,타다(TADA) 정산/재무 시스템 개발
833,안드로이드 개발자를 모십니다.
834,[윌라] 안드로이드 앱 개발자
835,[윌라] iOS 앱 개발자
836,[윌라] 프론트엔드 개발자
837,[윌라] 백엔드 개발자
838,소프트웨어 엔지니어 경력자 채용
839,[크라운랩스] 웹서비스 개발자 채용(신사업 분야)
840,서버 개발자
841,Android 개발자
842,영상서버개발자
843,프론트엔드 개발자
844,모바일개발자 (iOS / Android)
845,시스템 관리자 (SA팀)
846,DBA
847,안드로이드 앱 개발자
848,PHP/웹개발 채용 공고
849,리액트 네이티브 개발자
850,[신입] 머신러닝 연구원
851,[신입] 프론트엔드 개발자
852,자바(JAVA/JSP) 개발자
853,IT Compliance Manager
854,타다(TADA) 정보보호 담당자
855,[경력] 백엔드 개발자
856,STT Engineer
857,게임유저 매칭 플랫폼 백앤드 개발
858,백엔드 개발 담당자(PHP)
859,[결혼어플 자기야] Web / App ( 안드로이드 & IOS )개발자 모십니다.
860,백엔드 개발자
861,백엔드 개발자
862,PHP 웹 개발자
863,서버개발자
864,BackEnd 개발자 모집합니다.
865,FrontEnd 개발자 모집합니다.
866,프론트엔드 개발자 (플러터)
867,"소프트웨어 개발자 모집  (Django REST Framework, React)"
868,타다(TADA) 백오피스 개발
869,프런트엔드 개발자 (3년 이상 경력)
870,Software Engineer - Deep Learning
871,Software Engineer - Perception
872,카메라 기반 휴대폰 앱 개발자 (iOS / Android)
873,인공지능 반려동물 관리 플랫폼 백엔드 개발자
874,프론트엔드 개발자 (전문연구요원 가능)
875,백엔드 개발자 (전문연구요원 가능)
876,Android 개발자
877,웹 개발자 고용
878,백엔드 엔지니어 (서버 개발자)
879,프론트엔드 엔지니어
880,데이터 엔지니어
881,"React, Svelte Web 개발자"
882,"백엔드 Backend 개발자 Ruby Rails, REST API, AWS, K8S"
883,"정보보안담당자 팀장급, 정보최고담당자(CISO)"
884,"React, React Native 프론트 개발자"
885,"백엔드 Backend 개발자 Python Django GraphQL, AWS, K8S"
886,[헤브론스타텍㈜] 풀스택(full stack) 개발 리드 채용 (채용 시 마감)
887,안드로이드 개발 및 Web/App 유지보수 담당자 모집!!
888,안드로이드 개발자
889,"물류 (WMS, TMS ) 설계/개발"
890,[놀이의발견] 안드로이드 개발자 (kotlin)
891,[놀이의발견] APP API 개발 (Python/Django)
892,백엔드 엔지니어
893,블록체인 백엔드 개발자
894,[그로우코퍼레이션] Mobile(iOS) App Engineer
895,[그로우코퍼레이션] Front-end Engineer
896,[놀이의발견] O2O플랫폼 결제/정산 프로세스 개발
897,[놀이의발견] 플랫폼 API 개발 (Python/Django)
898,학습 앱 개발자
899,앱개발자
900,"Java 백엔드 개발자 경력직 채용(Java, spring, spring-boot)"
901,"DevOps(Development, Operations) 경력직 채용 공고"
902,웹개발자
903,쇼핑몰 광고 입찰 자동 프로그램 및 크롤링 기반 상품 등록 프로그램 개발
904,앱 개발자 & 코어 멤버
905,백엔드 개발자 - AI 피트니스 서비스 플랫폼
906,서버 개발자 채용
907,인공지능 머신비전 연구개발
908,서버 개발자 채용공고 (PHP/HTML/백엔드/프론트엔드 )
909,[경력] 2021년도 상반기 라이언로켓 채용(백엔드)
910,[에이치비엠피] 백엔드 엔지니어 경력 5년이상 모집
911,[힙합퍼] 백엔드서비스 개발자 님을 모십니다.
912,클레이튼 파트너사 - Project WITH 블록체인/앱 개발자 모집
913,개발자
914,앱 개발자(AI 기반 골프스윙분석 플랫폼)
915,Computer Vision Engineer
916,차세대 주차 솔루션 개발 팀원 모집
917,ICT서비스본부 신입(정규직) 채용
918,A.I. Big Data Cloud 기반 소프트웨어직군
919,백엔드 개발자 채용
920,"웹 퍼블리셔, UI/UX & Markup Developer"
921,파이썬 개발자/ Python Developer / 소프트웨어 엔지니어
922,[그로우코퍼레이션] Back-end Engineer
923,Back-end Developer / 백엔드 개발자 / 백앤드 개발자
924,"Front-end Developer, 프론트엔드 개발자 채용"
925,"Back-end 개발자 채용 (Django, 개발 경력 6년 이상 팀장급)"
926,글로벌 App 서비스 함께하실 Windows App 엔지니어 채용
927,영업/자바개발자/DB모델러/분석모델러 채용합니다
928,디지털 치료기기 어플 QA
929,Web Developer / Back-End(백엔드)
930,백엔드 개발자
931,인공지능(AI) 개발자
932,웹개발 담당자 채용
933,백엔드 개발자 (Back-End Engineer)
934,데이터 검수 개발자
935,프론트 엔드 개발자 (Front-End Engineer)
936,"영상처리 AI 개발자 (딥러닝, 머신러닝 개발자)"
937,"""인공지능/AI 컴퓨터비전 & 드론/로봇/머신 정밀제어 핵심 SW개발자 채용"""
938,[정규직/신입가능] 파이썬 라이브러리 개발자
939,[정규직/신입가능] 데이터 분석가
940,[정규직/신입가능] 데이터 엔지니어
941,[KT그룹-업계 1위 (주)나스미디어] 웹개발 채용
942,[KT그룹-업계 1위 (주)나스미디어] 웹개발 채용
943,모바일/웹 개발자
944,React Native 개발자 구인 (모바일 패션앱)
945,이커머스 플랫폼 개발자
946,이커머스 프론트엔드 개발자
947,커머스 서버 개발 전문가
948,IOS 앱 개발
949,CTO
950,Full stack Engineer
951,[부산] 웹 백엔드 경력자 채용
952,JAVA SPRING 이커머스 시니어 개발자 채용
953,[웹개발자] 세계 명품 시장 타겟팅한 플랫폼을 함께 만들어가실 웹개발자를 채용합니다.
954,Front-end developer
955,웹/서버 분야 개발자(인턴/신입/경력)
956,(주)델미텐츠 웹 프론트 개발자 경력 채용
957,[트레져헌터] 백엔드 개발자
958,Data Engineer
959,[정규직 경력] 웹 응용 프로그램 개발자 채용
960,Frontend Developer
961,Back-end Software Engineer
962,[로아인텔리전스] 개발팀 전직군 채용
963,Junior Financial Software Engineer
964,체외진단 의료기기 소프트웨어 개발 부문 신입/경력자 모십니다
965,[가상화폐/암호화폐] 트레이딩 프로그램 개발자 구인
966,피처링 Backend 웹개발자 채용
967,피처링 Frontend 개발자 채용
968,JAVA 웹개발
969,"[대규모] 삼성전자 시스템 운영, DB분석 담당 채용"
970,[CryptoParadise] Back-end Junior Developer
971,[CryptoParadise] Front-end Junior Developer
972,펌웨어개발및 앱개발자
973,Backend Engineer 채용 (Java / Spring)
974,Mobile Engineer (Android / iOS / Flutter) 채용
975,"Frontend Engineer 채용 (React or Vue or Angular, Front)"
976,[블록체인/핀테크] 디지털자산관리 플랫폼 back-end / front-end 개발자 2분을 모십니다.
977,데이터베이스 소프트웨어 웹 개발자 모집 (백엔드)
978,데이터베이스 소프트웨어 경력직 개발자 모집(C / C++)
979,Cloud 서비스 개발 담당자 모집
980,프론트엔드 개발
981,클라우드 엔지니어(인프라)
982,Senior System Engineer
983,그로잉세일즈의  Front-end 개발자를 모집합니다.
984,Food commerce 웹 퍼블리셔
985,"백엔드 개발자(python/django, 신입 지원 가능)"
986,"백엔드 개발자 (Spring, AWS)"
987,iOS 앱 개발자
988,AI Platform Backend Engineer
989,"클라우드 엔지니어 (팀장급/ IT인프라,클라우드,개발)"
990,데브옵스(DevOps) 엔지니어
991,데이터매니지먼트 팀장
992,검색엔진 개발 전문가
993,클라이언트 개발자님 모십니다.
994,서버 개발자님 모십니다.
995,Front-end Engineer (전문연구요원/산업기능요원 보충역 지원가능)
996,웹 또는 앱 프론트 개발 담당자 모집합니다 글로벌 버젼
997,"개발자 모집(인턴,주니어 지원 가능)"
998,백엔드 서버 개발 및 데이터 처리 (python)
999,데브옵스 (DevOps) 엔지니어 채용
1000,App 개발자 채용
1001,Front-end 개발자
1002,[다짐] 백엔드 개발자 채용 중! (1년 이상)
1003,[다짐] 프론트엔드 개발자 채용 중! (3년 이상)
1004,[신입/경력] Computer Vision & 자율주행 엔지니어
1005,Neubility SLAM/Robotics SW Engineer
1006,Neubility Deep RL Engineer
1007,[서핏] 프론트엔드 엔지니어 (Vue.js)
1008,프론트엔드 개발자(React/TS) 채용
1009,안드로이드 개발 전문가
1010,구글 클라우드 플랫폼 엔지니어(데이터 플랫폼 구축 및 운영)
1011,AWS 클라우드기반 오픈소스 개발자 (JS/TS/Python 위주)
1012,AI/딥러닝 플랫폼을 위한 백엔드 엔지니어
1013,AI 딥러닝 엔지니어
1014,AI/딥러닝 플랫폼을 위한 프런트엔드 엔지니어
1015,주식회사 꾼 개발자 신입/경력 채용 공고
1016,[반려생활] 반려동물 스타트업에서 react-native 개발자를 모십니다.
1017,신입 개발자 채용 (Software Engineer)
1018,Software Engineer - Data
1019,iOS 개발 전문가
1020,Lead Software Engineer
1021,Software Engineer - Backend
1022,Software Engineer - Frontend
1023,Backend Engineer
1024,QA Engineer
1025,백엔드 개발자(PHP)
1026,[JAPAN] Local PM
1027,프론트엔드 개발자(Vue.js)
1028,프론트엔드 개발자(React.js)
1029,"Back-end Engineer (Python, 3년 이상)"
1030,[Node.js] Back-end 경력 채용
1031,DBA 경력 채용
1032,[Node.js] Scrapping 플랫폼 경력 채용
1033,[데이터뱅크] 시니어 백엔드 개발자님을 모십니다.
1034,[경력] 데이터뱅크에서 개발팀장님을 모십니다.
1035,데이터뱅크에서 ReactNative 개발자를 구합니다
1036,앱푸시 서비스 개발 전문가
1037,서비스 서버 개발 전문가
1038,웹프론트엔드 개발 전문가
1039,DBA 개발 전문가
1040,시스템 엔지니어 개발 전문가
1041,웹프론트엔드 개발 팀장
1042,데이터뱅크에서 백엔드 엔지니어를 구합니다
1043,데이터뱅크에서 프론트엔드 엔지니어를 구합니다
1044,치맥과 소삼을 좋아하는  백엔드개발자 찾습니다.(채용시 마감)
1045,Back-end 개발자
1046,"수출입 물류 플랫폼 신입,주니어 개발자 (Back-end)"
1047,"Computer vision, AI 머신러닝 연구원"
1048,에어클래스 서비스 백엔드 (신입가능)
1049,웹 Front-end 개발자
1050,Android 개발자
1051,Data Engineer
1052,"Python,React 개발자"
1053,"인턴 - Python,React 개발자"
1054,[신입/경력] 안드로이드 앱 개발자 채용
1055,[경력] 블록체인 백엔드 엔지니어 채용
1056,[신입/경력] iOS 앱 개발자 채용
1057,QA 엔지니어
1058,프론트엔드 엔지니어
1059,안드로이드 애플리케이션 엔지니어
1060,iOS 애플리케이션 엔지니어
1061,블록체인 플랫폼 개발 / 분산 플랫폼 개발
1062,Flutter 개발자분을 모집합니다 (1~2인)
1063,모바일 앱 개발자 모집 (iOS/Android)
1064,QA/테스트 엔지니어
1065,Python(Django) 개발자 (신입/경력)
1066,Messenger 서비스기획자
1067,System Engineer
1068,Messenger 클라이언트 프론트엔드개발자
1069,백엔드개발자(PHP)
1070,"Messenger 백엔드개발자(PHP, Rest API)"
1071,"Messenger 백엔드개발자(Java Kotlin, Websocket)"
1072,"에어클래스 iOS, iPadOS 앱 프로그래머"
1073,PHP 웹개발
1074,에어클래스 주니어 테크니컬 라이팅 / 서비스 기획자
1075,Security Engineer 클라우드 보안이벤트 분석 및 침해대응
1076,프론트엔드개발자
1077,인프라 엔지니어
1078,풀스택 개발자
1079,AI R&D 엔지니어 (석사 이상)
1080,AI R&D 엔지니어 (산업기능요원 전직/보충역)
1081,풀스택 개발자 (산업기능요원 전직/보충역)
1082,인프라 엔지니어 (석사 이상)
1083,풀스택 개발자 (석사 이상)
1084,Frontend Developer
1085,서비스 인프라 개발팀을 이끌어 주실 팀장님을 모십니다.
1086,[스프트] 웹/앱 플랫폼 개발자를 찾습니다.
1087,웹 백-엔드 개발자를 찾습니다.
1088,스타트업 투자 플랫폼 개발팀 충원
1089,"스타트업 투자 플랫폼 블록체인,인공지능,빅데이터 개발자 모집"
1090,[홈쇼핑모아] iOS 클라이언트 엔지니어(신입)
1091,[QA] 홈쇼핑모아 QA
1092,[홈쇼핑모아] iOS 클라이언트 엔지니어(경력)
1093,[모아커머스] 프론트엔드 엔지니어 (전문연구요원 가능)
1094,데이터랩 리더
1095,데이터 분석가
1096,에어클래스 주니어 서비스 / 시스템 / 개발 기획자
1097,[데이터 플랫폼] 데이터 엔지니어 (전문연구요원 가능)
1098,[신성장] 백엔드 엔지니어
1099,[검색] 백엔드 엔지니어 (전문연구요원 가능)
1100,[검색] 프론트엔드 엔지니어 (전문연구요원 가능)
1101,프론트엔드 개발자
1102,백엔드 개발
1103,프론트엔드 개발
1104,[AI/LAB] AI 백엔드 엔지니어 (마케팅 분야)
1105,[모아커머스] 백엔드 엔지니어 (전문연구요원 가능)
1106,프론트엔드 엔지니어
1107,프론트엔드 엔지니어
1108,Technical Writer 채용 공고
1109,Senior Software Engineer 채용 공고
1110,E-Commerce Software Engineer
1111,[기술개발] 소프트웨어 품질보증(QA) 팀장 (5년 이상 경력)
1112,[기술개발] 웹서버개발 리드 (경력 10년 이상)
1113,[기술개발] 앱개발 리드 (경력 5년 이상)
1114,React Natvie 개발자 모십니다!
1115,[HITS] 응용소프트웨어 개발 인턴 채용
1116,[HITS] 응용소프트웨어 (Python) 개발자
1117,[HITS] CADD 및 계산화학 연구직
1118,[HITS] 웹어플리케이션 개발 매니저 채용공고
1119,Blockchain Core개발
1120,iOS Developer
1121,"전략기획본부 / 기술제휴팀(팀장/팀원급,아키텍처,선행연구)"
1122,ML/DL System Engineer
1123,Deep Learning Software Developer
1124,Web Application Developer
1125,Software Engineer (Front-end Developer)
1126,C++ Engineer
1127,온라인 이벤트 플랫폼 엑씽크에서 경력 서버 개발자를 찾습니다!
1128,프론트엔드 개발자
1129,[원격 교육 플랫폼] Back-end Developer (Node.js/JavaScript/TypeScript)
1130,iOS 개발자(산업기능요원/보충역 지원 가능)
1131,프론트엔드 개발자
1132,[어라운더블] 픽앤픽 안드로이드 개발자 채용
1133,Web SW Developer - 데이터 플랫폼 개발자 (신입/경력)
1134,AI / Big Data Research - 산업용 인공지능 연구자
1135,빅데이터 AI플랫폼 iOS APP(Swift) 신입개발자 채용
1136,빅데이터 AI 플랫폼 기획자 (WEB/APP) 경력직 채용
1137,인플루언서 커머스 웹디자인 & UX/UI디자이너 경력직 채용
1138,빅데이터 AI플랫폼 웹 백엔드 (JAVA)경력직 채용
1139,빅데이터 AI플랫폼 iOS APP(Swift) 경력직 채용
1140,빅데이터 AI플랫폼 SW/ 데이터엔지니어(JAVA/Python/C++) 경력직 채용
1141,빅데이터 AI플랫폼 웹 백엔드 (JAVA) 신입 개발자 채용
1142,[네이버 자회사]back-end 개발자 (정규직)
1143,유명제약그룹 자회사] PHP 웹개발자 채용
1144,[네이버자회사]유니티(Unity) 앱개발자  채용
1145,[스텝페이] 백엔드 개발자 모집
1146,[스텝페이] PHP(WordPress) 개발
1147,Product Manager
1148,Site Reliability Engineer
1149,프론트엔드 웹 개발자 (산업기능요원가능)
1150,프론트엔드 개발자 모집
1151,신입 / 경력 개발자 채용
1152,"[신입/경력] 구글이 뽑은 2020 올해의 앱, 쑥쑥찰칵에서 iOS 개발자를 찾고 있어요!"
1153,"[신입/경력]구글이 뽑은 2020 올해의 앱, 쑥쑥찰칵에서 안드로이드 개발자를 찾고 있어요!"
1154,[온라인플랫폼]iOS 개발자
1155,[온라인 플랫폼]백엔드 개발자
1156,전문연구요원 병역특례 개발자 모집
1157,인공지능 프론트엔드 개발자 모집(경력)
1158,"전략기획본부/기술제휴팀(팀장급,PM,공공사업/내부POC)"
1159,백엔드 개발자
1160,QA 엔지니어
1161,인공지능 챗봇 플랫폼 개발자 모집(경력)
1162,인공지능 QA개발 엔지니어 모집(신입/경력)
1163,프론트엔드 개발자
1164,백엔드 개발자
1165,프론트엔드 개발자
1166,백엔드 개발자
1167,데이터 엔지니어
1168,앱 개발자
1169,"[판교] Dev-Ops, Back-end 개발 팀원을 찾습니다 (경력)"
1170,[판교] 웹 개발 팀원을 찾습니다
1171,백앤드 개발자님! 전국민이 쓰는 알바앱을 만들어 봐요~
1172,프론트앤드 개발자님! 전국민이 쓰는 알바앱을 만들어 봐요~
1173,모바일 앱 개발자 모집
1174,데이터 분석가 (DA)
1175,웹 프론트엔드 개발자
1176,안드로이드 개발자
1177,DevOps 개발자
1178,Social Media Platform Server-side Engineer
1179,Database Engineer (DBA) (RDBMS / NOSQL)
1180,백엔드 서버 개발자
1181,웹/프론트엔드 개발자를 모십니다.
1182,웹 프로그램 개발자 채용
1183,[웹 백엔드 개발] 결제정보 중계솔루션
1184,"[SIZL 개발부 (송도)] Front-end//Back-end 경력, 신입 모집"
1185,프론트엔드 개발자
1186,백엔드 개발자
1187,[React-Native] 정말 멋진 색다른 App (초기멤버)
1188,[프론트엔드(Vue.JS)/어드민] 정말 멋진 색다른 App (초기멤버)
1189,[Java 서버 개발자님] 정말 멋진 색다른 App (써지니.)
1190,React Native(Android) 개발자
1191,웹 프론트엔드 개발자
1192,AI Lab
1193,[QA] 홈쇼핑모아 QA
1194,[Android 개발자님] 정말 멋진 색다른 App (초기멤버)
1195,Node.js 서버 개발자 경력직 채용
1196,함께 성장 할 Frontend 개발자를 모십니다!
1197,"스타트업 정규 개발직 신입, 경력직 사원 모집"
1198,"스타트업 정규 퍼블리셔 신입, 경력직 사원 모집"
1199,웹/앱 총괄 개발자(CTO)
1200,React-Native 크로스 플랫폼 앱 서비스 개발(경력 3년이상)
1201,젠틀에너지(주)  Back-end developer 채용[경력]
1202,젠틀에너지(주)  Front-End Developer 채용[경력]
1203,젠틀에너지(주)  Data engineer 채용[신입]
1204,젠틀에너지(주) Data Scientist 채용[신입]
1205,프로그래밍 교육 강사 (코치)
1206,Flutter 모바일 개발자 (Mobile Software Engineer/산업기능요원 보충역/전문연구요원 지원가능)
1207,프론트엔드 개발자 (Frontend Software Engineer/산업기능요원 보충역/전문연구요원 지원가능)
1208,백엔드 엔지니어
1209,백엔드 개발자 (Backend Software Engineer/풀타임/산업기능요원 보충역/전문연구요원)
1210,교육 개발자 (Technical Content Developer)
1211,서비스 플랫폼 및 커뮤니티 웹 개발자 경력 채용
1212,Backend Engineer
1213,웹 프론트엔드 개발자
1214,Full Stack Developer(Internal Products)
1215,백엔드 개발자 1명
1216,리액트 네이티브 개발자
1217,프론트엔드 개발자(3년 이상)
1218,Vue.js 프론트 개발
1219,클라우드 엔지니어
1220,QA 엔지니어
1221,백엔드 개발자(Flask)
1222,웹 개발자
1223,Java·JSP 개발 유지보수 정규직 채용합니다(경력)
1224,탄탄한 스타트업에서 QA 담당자 구인
1225,탄탄한 스타트업에서 CTO 구인
1226,탄탄한 스타트업에서 JAVA 개발자 구인
1227,비전 분야 딥러닝 개발자 채용
1228,컴퓨터비전 엔지니어 (전문연구요원 가능)
1229,백엔드 엔지니어 (전문연구요원 가능)
1230,자연어처리 엔지니어 (전문연구요원 가능)
1231,프론트엔드 엔지니어 (전문연구요원 가능)
1232,암호화폐 거래소 서버 유지보수 경력직 채용
1233,주니어 디벨로퍼 인턴 모집
1234,옵틱라이프 디벨로퍼 모집공고
1235,[PM] 개발총괄담당을 모십니다!
1236,서버 개발자(3년 이상)
1237,Data Analyst
1238,DevOps Engineer
1239,Android Developer
1240,DevOps Lead
1241,Data Engineer
1242,iOS Developer
1243,QA Tester
1244,MLOps Engineer
1245,Frontend Developer
1246,"앱 기획, 개발자를 찾습니다."
1247,교육의 혁신을 만들어갈 백엔드 개발자를 모집합니다.
1248,"프론트엔드 개발자, Frontend Developer"
1249,"Service Platform 개발 (차장급, PL급)"
1250,Service Platform 개발 (과장급)
1251,[마켓컬리] Devops 엔지니어
1252,"Principal, Android Engineer (Search and Discovery)"
1253,"백엔드 개발자, Backend Developer"
1254,JAVA back-end 웹 개발자
1255,"[정규직/계약직] 주 4.5일 근무, 앱 개발 경력 채용"
1256,"[다이닝코드] Backend 신입,경력 개발자 채용"
1257,Web Frontend 개발자 (채용시 마감)
1258,Senior Linux App 개발자
1259,[WIPPY/QUAT] 데이터 분석가를 모십니다!
1260,[WIPPY] 소셜 앱 매출 1위 위피를 개발해 주실 백엔드 개발자를 모십니다!
1261,[대웅그룹 자회사] RPA 개발 및 유지보수 경력직 채용
1262,[대웅그룹 자회사] 그룹웨어 솔루션 개발직 모집
1263,"AI Image processing 연구원 고용 (AI, Deep learning)"
1264,인공지능 학습데이터 매니징 SaaS Zelly의 백엔드를 개발하실 분을 찾습니다!
1265,백엔드 개발
1266,P2P 금융 플랫폼 개발자
1267,Software Developer
1268,iOS 개발자 (Swift)
1269,Android 개발자 (Kotlin)
1270,NodeJS/MongoDB 개발자
1271,웹 프론트엔드 개발자 (ReactJS)
1272,(Android) 프롭테크 앱 개발
1273,(iOS) 프롭테크 앱 개발
1274,[웹개발] 프롭테크 시장을 혁신할 웹 개발자를 모십니다
1275,"Spring, BIgData 기반 JAVA BACK-END 개발자 채용"
1276,데이터 분석가(신입)
1277,"모바일 앱 개발자 (iOS, Android)"
1278,이더리움 스마트 컨트렉트 개발자
1279,백엔드 개발자(3년 이상)
1280,React Native 앱 개발자 구인
1281,Python Django 서버 개발자 구인
1282,[6년 연속 1위 앱] 서버 / 백엔드 파이썬 개발자 (산업기능요원 가능)
1283,백엔드 개발자
1284,Back-End 개발자를 찾습니다.
1285,[드림베이스 3월 채용 - 백엔드 개발자] 세상의 변화를 꿈꾸는 젊은 프로페셔널을 찾습니다.
1286,[추가채용] React 프론트 웹 개발자 채용
1287,서버개발자 경력 채용 - 에듀테크 스타트업 오누이
1288,(주)휴넷 ASP.NET개발 경력직 모집
1289,[지식팩토리] 집나간 프론트엔드 개발자 찾고 있습니다 [신입 | 경력]
1290,[기보특례 20억] 상위 0.6%의 검증된 스타트업 ♪ Android 개발자 채용
1291,[PUBG: NEW STATE] DevOps Engineer - PUBG IP 신규프로젝트
1292,퍼블리셔
1293,백앤드 개발자
1294,프론트앤드 개발자
1295,[기보특례 20억] 상위 0.6%의 검증된 스타트업 ♪ iOS 개발자 채용
1296,[기보특례 20억] 상위 0.6%의 검증된 스타트업 ♪ 웹 개발자 채용
1297,[AI기술회사] Server Developer
1298,[AI기술회사] Frontend Developer
1299,[AI기술회사] Android Developer
1300,서버 엔지니어
1301,영상제작자를 위한 포트폴리오 사이트 CTO (개발자) 모집
1302,소프트웨어 엔지니어
1303,"젊고 트렌디한 IT 개발팀, 코드크레인에서 IT개발자(신입/경력/인턴)를 채용합니다."
1304,"웹(백엔드,프론트엔드) 개발자모집"
1305,PHP & PYTHON 개발자 모집
1306,스포츠 멀티 플랫폼 스팟에서 iOS 개발자를 찾습니다
1307,꿈 많은 Back-End 경력직 개발자 채용
1308,꿈 많은 Front-End ( React ) 경력직 개발자 채용
1309,ROS기반의 협동 로봇자동화 개발 엔지니어 채용 (경력직)
1310,3D 물체인식 컴퓨터 비전 알고리즘 개발자 모집
1311,컴퓨터비전 기반의 로봇 자동화에 관심이 많은 SW 신입 개발자 모집!
1312,"웹 프론트엔드, 백엔드 개발자"
1313,[주 20시간 근무] 프론트엔드 개발자(Flutter)님을 모십니다!
1314,AI 엔지니어/ 앱 개발자
1315,2021년 (주)비시솔루션 IT 개발팀 안드로이드/파이썬 개발자 신입/경력직 채용
1316,Kubernetes 개발
1317,프론트엔드 엔지니어(React Native)
1318,웹/모바일 개발자
1319,헬스케어 데이터를 함께 만들어갈 개발자를 모십니다!
1320,주얼리 커머스 AMONDZ 부문별 개발자 (경력)
1321,[개발팀] 서버 개발자
1322,Spring Boot 개발자
1323,안드로이드 개발자
1324,디지털콘텐츠 프로젝트 매니저(PM)
1325,개발팀장
1326,웹퍼블리셔
1327,백엔드 개발자
1328,개발팀장(CTO)
1329,iOS 개발자
1330,인공지능 개발자 (공동창업자 대우)
1331,프론트엔드 개발자 모집
1332,백엔드 개발자 모집
1333,백엔드 node.js 개발자 정규직 채용
1334,Salesforce
1335,빅데이터 시각화 웹 프론트엔드 개발자 인턴/신입 채용
1336,빅데이터 시각화 웹 프론트엔드 개발자 경력 채용
1337,[메디컬아이피] 의료영상기반 딥러닝 개발자 모집
1338,"[제로아이즈] IoT, Arduino 개발 경험이 있는 Android Developer"
1339,[제로아이즈] 카카오톡 기반 챗봇 빌더 Server Developer
1340,[제로아이즈] 카카오톡 기반 챗봇 빌더 Front-end Developer
1341,안드로이드 개발자
1342,리액트 네이티브 개발자
1343,웹 프론트엔드 개발자
1344,"백엔드 개발자(신입, 경력)"
1345,"iOS 앱 개발자(신입, 경력)"
1346,"프론트엔드 개발자(신입, 경력)"
1347,Ruby on Rails 웹 개발자(경력)
1348,웹 프론트엔드 개발자 모집합니다.
1349,"웹개발자(백엔드, 프로트엔드, 풀스택)"
1350,퍼블리셔
1351,프론트앤드 웹 개발자
1352,Backend 개발자
1353,임베디드 S/W 엔지니어 모집
1354,[코그넥스] C++ 소프트웨어 개발자
1355,[코그넥스] DevOps 엔지니어
1356,[코그넥스] 주니어 C++ 소프트웨어 개발자
1357,(재택/유연근무 가능) 의료 플랫폼 프론트엔드 개발자
1358,Backend 개발자
1359,AOS 개발자 채용
1360,퍼블리셔 채용
1361,응용프로그래머 모집
1362,Backend 엔지니어 채용
1363,Layer2(plasma/rollup) client developer
1364,Mathematician / ZKP Researcher
1365,Smart Contract Developer
1366,영상처리 알고리즘 개발자
1367,센서 융합 알고리즘 개발자
1368,3D 화면 출력 알고리즘 개발자
1369,백엔드 개발자
1370,프론트엔드 개발자
1371,머신러닝(+딥러닝) 연구원
1372,인사이저와 함께 나아갈 텍스트 분석가를 찾습니다
1373,Back-end 개발자 구인
1374,서버 개발자 모집
1375,모바일 보안 솔루션 개발자 모집
1376,QA Manager
1377,시니어 백엔드 개발자 (병역특례가능)
1378,시니어 프론트엔드 개발자 (병역특례가능)
1379,시니어 백엔드 개발자
1380,주니어 백엔드 개발자 (병역특례가능)
1381,주니어 프론트엔드 개발자 (병역특례가능)
1382,프론트엔드 개발자 (AI Tribe)
1383,[데이터 플랫폼] 데이터 엔지니어 (전문연구요원 가능)
1384,연구 개발
1385,비전 검사장비 설계팀장(Solidworks사용)
1386,"광학 머신비전 장비 인공지능(AI), 딥러닝 담당자 모집"
1387,Frontend Web Application 개발
1388,백엔드 개발자
1389,백엔드 개발자 (Backend Developer) [산업기능요원 현역 전직/보충역 가능]
1390,AI Researcher
1391,"개발자, Backend: django, Frontend: react, react-native"
1392,[에코마케팅] 마케팅테크그룹 프론트엔드/백엔드 신입/경력 채용
1393,"웹 개발자 (프론트,백 엔드), 웹 디자인 UX/UI, 퍼블리싱"
1394,[수시채용] Java / Servlet / JSP front end 개발자 (서울연구소근무)
1395,"주니어 백엔드 엔지니어(산업기능요원 보충역, 전직)"
1396,[수시채용] iOS 개발자 (서울연구소근무)
1397,[수시채용] Java / Spring Boot back end 개발자 (서울연구소근무)
1398,"[수시채용] GIS 데이터분석가 (서울연구소근무, 전문연구요원 가능)"
1399,[수시채용] Python 을 이용한 3D 모델링 개발자(서울연구소근무)
1400,엘리시아 개발자를 채용합니다.
1401,프론트엔드 개발자
1402,백엔드 개발자
1403,[데일리펀딩] NO야근/확실한연봉 웹 백엔드 개발자 채용 (back-end)
1404,프론트엔드(웹/앱) 개발자 모집(인재선발)
1405,[Blockchain Platform Team] Blockchain Developer (경력)
1406,프론트엔드 엔지니어
1407,[Blockchain Platform Team] Blockchain Developer (신입)
1408,[Service Management Team] JAVA Developer (경력)
1409,[Product Team] Backend Developer (경력)
1410,[경력]FW
1411,[경력] 프론트엔드 개발자
1412,[신입] 백엔드 개발자
1413,웹서비스 프론트 개발
1414,래브라도 서비스 엔진 개발
1415,보안전문가
1416,프론트엔드 엔지니어(리더급)
1417,웹 프론트엔드 개발자
1418,주니어 백엔드 엔지니어
1419,데이터 엔지니어
1420,모바일 헬스케어 서비스 개발
1421,iOS 개발자
1422,소프트웨어 엔지니어 (백엔드)
1423,금성출판사 계열사 매쓰클라우드의 Node.js 백엔드 개발자 채용
1424,금성출판사 계열사 매쓰클라우드 React 프론트엔드 개발자
1425,금성출판사 계열사 매쓰클라우드 안드로이드 앱 개발자
1426,Research Engineer - Robotics Perception
1427,Research Engineer Intern - Machine learning
1428,"Software Engineer - C++, Application"
1429,DevOps Engineer
1430,Front-end 개발자 (React)
1431,연구원
1432,웹개발 담당 채용
1433,머신러닝 엔지니어 (산업기능요원 가능)
1434,Computer Vision Engineer Co-founder 채용
1435,"웹, 앱 풀스택 개발자"
1436,Mapping & Calibration Engineer
1437,Control Engineer
1438,Computing Platform Engineer
1439,Mapping & Calibration Engineer
1440,Localization Engineer
1441,QA 엔지니어
1442,DevOps 엔지니어
1443,프론트엔드 엔지니어 (주니어)
1444,PO(Product Owner)
1445,DevOps Engineer(데브옵스)
1446,Front-end Engineer
1447,"Android, iOS 앱 개발자를 모집합니다."
1448,프론트엔드/백엔드 개발자 정규직 채용
1449,[KT그룹-업계 1위 (주)나스미디어] 시스템 프로그램 개발 채용
1450,[KT그룹-업계 1위 (주)나스미디어] 앱개발자 채용 (12년 이하)
1451,[Kotlin] Android 프런트엔드 개발자 채용 _  피트니스 앱 개발
1452,외식 배달 주문 서비스 개발 및 운영( JAVA 웹개발)
1453,[인공지능 소프트웨어 개발 스타트업] 딥러닝 개발자
1454,[원격근무가능]프론트/백앤드 개발자 경력직 모집합니다.
1455,Frontend 개발자
1456,AI Research Scientist
1457,제조 Smart Factory MES 개발자 모집
1458,"웹개발, 응용프로그램개발外 1개 부문 담당자 채용"
1459,백엔드 개발자 모십니다.
1460,[메가존] GCP 빌링 시스템 개발
1461,[메가존] 클라우드 플랫폼 통합 빌링 시스템 개발자
1462,[메가존] DMP개발
1463,웹 프론트엔드 개발자 (경력 3년 이상)
1464,백엔드 개발자 (경력 3년 이상)
1465,보안 엔지니어
1466,Frontend Software Engineer - (유픽)
1467,[윌라] 프론트엔드 개발자
1468,임베디드/비전 개발자 ( Embedded/Vision Engineer )
1469,Android 개발자
1470,[윌라] iOS 앱 개발자
1471,iOS 개발자
1472,[윌라] 백엔드 개발자
1473,[윌라] 안드로이드 앱 개발자
1474,[고팍스(GOPAX)] QA엔지니어
1475,"Java, Spring 백엔드(Back-End) 개발자 채용"
1476,iOS 개발자 정규직 채용
1477,웹 프론트엔드(Front-End) 개발자를 찾습니다!
1478,단 한 명의 딥러닝 Back-end Engineer를 위한 채용 공고
1479,단 한 명의 딥러닝 Research Engineer(석사 이상)를 위한 채용 공고
1480,[딜리버리랩] 웹개발자 신입/경력 모집
1481,백엔드 엔지니어
1482,[고팍스(GOPAX)] DevOps Engineer (신입가능)
1483,테크랩 웹/앱 프론트엔드 개발자 모집
1484,그로스개발그룹 PHP 웹 개발자 모집
1485,"프론트 및 백엔드, 파이썬 개발자 경력자 채용(주5일,6시간근무)"
1486,[AI/Lab] Recommender System 리서치 엔지니어
1487,Reactjs/Nodejs 풀스택 개발자
1488,♣ 반지 원정대 같은 팀에서 레골라스 같은 엔지니어를 찾습니다!
1489,Web Front-end Developer
1490,웹 프론트엔드 개발자 (React)
1491,[통로이미지 IT연구소] PHP웹 개발자 경력채용 ( 경력 3년~ )
1492,함께 성장할 수 있는 JAVA 개발자를 채용합니다.
1493,[플랫폼 서비스] 백엔드 개발 임원 채용
1494,개발자 모집공고
1495,AI 개발자
1496,프론트엔드 개발자
1497,백엔드 개발자
1498,[정규직] iOS/안드로이드 앱 개발자 채용 (신규/경력직)
1499,[웹 프론트엔드 개발] 결제정보 중계솔루션
1500,서비스 플랫폼 및 커뮤니티 웹/앱 개발자 경력 채용
1501,백엔드 & 프론트엔드 & 빅데이터  소프트웨어 엔지니어 (5~10년차)
1502,[경력] 웹 퍼블리셔 모집
1503,Backend Developer
1504,[고팍스(GOPAX)] 안드로이드 개발자
1505,[연봉 인상 최대 40%] 서버(node.js) 개발자 경력직 채용
1506,안드로이드 개발자 채용 (android)
1507,시스템 개발자 모집
1508,Web FrontEnd 개발자
1509,iOS 개발자
1510,클라이언트 사이드 개발자
1511,서버 사이드 개발자
1512,DBA
1513,[고팍스(GOPAX)] iOS 개발자 (신입가능)
1514,[고팍스(GOPAX)] Software Engineer (Blockchain MainNet)
1515,AOS 개발자
1516,QA 엔지니어
1517,기술엔지니어 (신입가능)
1518,Machine Learning Research Engineer (Robotics Focused)
1519,Senior Linux App 개발자
1520,한림대의료원 의료인공지능 연구원/개발자
1521,Backend 개발자
1522,Frontend 개발자
1523,서버 개발자 (Java)
1524,프론트엔드 개발자
1525,iOS 개발자
1526,블록체인 개발자
1527,Android 개발자
1528,백엔드 개발자 (Node.js)
1529,[민앤지] iOS App 개발 경력직 채용
1530,웹 개발자가 필요합니다.
1531,Machine Learning Engineer(산업기능요원/전문연구요원 복무 가능)
1532,Frontend Developer (산업기능요원/전문연구요원 복무 가능)
1533,Research Scientist (산업기능요원/전문연구요원 복무 가능)
1534,DevOps Engineer (산업기능요원/전문연구요원 복무 가능)
1535,Android Developer (산업기능요원/전문연구요원 복무 가능)
1536,iOS Developer (산업기능요원/전문연구요원 복무 가능)
1537,Backend Developer(산업기능요원/전문연구요원 복무 가능)
1538,Lead SW Engineer (Computer Vision)
1539,프론트 / 백엔드 / 풀스택 개발자 / 기업부설연구소
1540,백엔드 API서버 개발자
1541,Vue.js Framework 프론트 개발자 구인
1542,프론트엔드 개발
1543,[고팍스(GOPAX)] Front-end 개발자
1544,웹 개발자 (Junior)
1545,Software Engineer
1546,[어뮤즈] 백엔드 개발 담당
1547,[고팍스(GOPAX)] Back-end 개발자
1548,백엔드 개발자
1549,Data Engineer
1550,머신러닝 엔지니어
1551,데이터 엔지니어
1552,백엔드 엔지니어
1553,(주)에스아이에이 -  Incremental/Continual Learning 연구 개발 인턴 모집
1554,(주)에스아이에이 - 프론트엔드 개발 인턴 채용
1555,(주)에스아이에이 - 위성영상 정합 연구 인턴 모집
1556,"[신입,경력] 프론트엔드, 풀스택 웹개발"
1557,Data Engineer
1558,Machine Learning Engineer
1559,프론트엔드 엔지니어
1560,앱개발자
1561,[베이비프렌즈] iOS 경력 개발자를 찾습니다!
1562,[베이비프렌즈] Back-end 경력 개발자를 찾고있습니다.
1563,서비스개발팀 프런트엔드 개발 경력 3년이상
1564,여행서비스 프론트엔드 개발자
1565,AI 개발자 (산업기능요원 4급 보충역) 채용중
1566,iOS 앱 개발
1567,Android 앱 개발자
1568,자바 백엔드 개발자
1569,JAVA 백엔드 개발자
1570,[경력]React Native 개발자(Front-end)
1571,핀테크 서비스 모바일(안드로이드/iOS) 개발자 채용
1572,[블림프] 그로스 데이터분석가
1573,[블림프] 백엔드 개발자
1574,[핑퐁] 제품 개발자 (Backend Software Engineer)
1575,[핑퐁] 머신러닝 소프트웨어 엔지니어
1576,[핑퐁] 머신러닝 리서치 사이언티스트
1577,[케이비시스] SI 개발자를 모집합니다.
1578,[케이비시스] 솔루션 개발자를 모집합니다.
1579,[개발] 프론트엔드 개발자(정규직)
1580,[개발] 서버개발자(정규직)
1581,[개발] iOS 개발자(정규직)
1582,AI 인턴 개발자
1583,AI 개발자 (정규직)
1584,[전문연구요원/백엔드] AWS/Ruby/Elastic Stack
1585,[전문연구요원/iOS] Swift/AR/VR
1586,Back Office 개발
1587,[전문연구요원/알고리즘] 컴퓨터비전/딥러닝/SLAM
1588,[전문연구요원/프론트엔드] Angular/3D/WebGL/Computer Graphics
1589,애드테크 스타트업 디지털광고플랫폼 개발자 모집
1590,지도데이터 스타트업 기술융합센터장 모집
1591,핀테크(P2P) 스타트업 백엔드 개발자 모집
1592,Web Front-end(프론트엔드) 엔지니어 채용
1593,Back-end(백엔드) Java/Python 엔지니어 채용
1594,모빌리티 스타트업 다트 서버 백엔드 개발자 채용중!
1595,데이터 엔지니어(Data Engineer)
1596,솔루션 아키텍트(Solutions Architect)
1597,기술개발부 데이터기술팀
1598,AI OCR 솔루션 프론트엔드 개발자 (전문연구요원 가능)
1599,기술개발부 서비스개발팀[SE]
1600,기술개발부 모바일팀[AOS 개발자]
1601,Front-end Engineer (경력 2년 이상)
1602,Mobile(React Native) Engineer (경력 2년 이상)
1603,AI Engineer(NLP) (경력)
1604,Back-end Engineer (경력 2년 이상)
1605,GDS본부 정산개발자(3년이상)
1606,기술개발부 모바일팀[IOS 개발자]
1607,기술개발부 프론트웹팀[프론트엔드개발자]
1608,기술개발부 프론트웹팀[퍼블리셔]
1609,GDS본부 백엔드 개발자(경력 3년 이상)
1610,PMS 본부 프론트엔드 개발자 (경력 3년 이상)
1611,신입 개발자 채용
1612,개발자
1613,"인공지능, 딥 러닝 엔지니어 신규 채용"
1614,[ESTsecurity] 서버 백엔드 개발자
1615,소프트웨어 연구 및 개발자 모집
1616,[헤딩/패스트파이브] 서버/인프라 백엔드 개발자
1617,"[OPGG] Messenger 백엔드 개발자(Java Kotlin, Websoket)"
1618,[OPGG] 프론트엔드 개발자
1619,[씨드로닉스] 인공지능 데이터 가공
1620,[이스트소프트] ZUM 포털서비스 백엔드 서버 개발
1621,[이스트소프트] ZUM 데이터 엔지니어
1622,[ESTsecurity] 프론트엔드 개발자
1623,Software Engineer
1624,MLOps Engineer
1625,Data Engineer / 데이터 엔지니어
1626,Android 개발자
1627,[국내대기업계열] Cloud Data Engineer
1628,[헤딩머니200만원] 쿼드마이너 Django Python 개발자
1629,[OPGG] Messenger 클라이언트 프론트엔드 개발자
1630,"[OPGG] Messenger 백엔드 개발자(PHP, Rest API)"
1631,[메타넷대우정보] DevOps 엔지니어
1632,[헤딩머니100만원] 해외서비스(일본) iOS 클라이언트 개발자(3년 이상)
1633,[국내대기업 IT계열사] Cloud Application Architect
1634,[(주) 레이언스] SW개발 (대리-차장)
1635,[헤딩/메타넷대우정보] Bigdata PL
1636,[국내 대기업 IT 계열사] 퍼블릭 클라우드 어플리케이션 아키텍트
1637,[벤츠파이낸셜코리아] IT Application Owner-Solution Architect
1638,"[헤딩머니100만원] 모바일앱 Andriod, iOS 개발자"
1639,[헤딩머니100만원] 서비스 백엔드 개발자
1640,[이스트소프트] ESTsecurity 윈도우 커널 드라이버 개발
1641,[헤딩머니 100만원/Amazon Web Services ] Cloud Infrastructure Architect 채용
1642,[헤딩/패스트파이브] 프론트엔드(클라이언트) 개발자
1643,[국내 대기업 IT 계열사] 퍼블릭 클라우드 DB 아키텍트
1644,[국내 대기업 IT 계열사] Data Scientist
1645,[OPGG] 백엔드 개발자(PHP)
1646,데이터베이스 엔지니어(Database Engineer)
1647,QA 엔지니어(QA Engineer)
1648,[주니어 개발자] Front-end
1649,[주니어 개발자] Back-end
1650,"모든 분야(앱, 웹, 백엔드) 개발자 채용"
1651,안드로이드 앱 개발자 채용
1652,프론트엔드 개발자(Front-end) 모집[경력자]
1653,Experienced PHP Developer
1654,[개발]Backend Developer_Python
1655,개발자(프론트엔드)
1656,프론트엔드(2년차이상)
1657,[정규직] APP 개발자/APP 마케팅 및 운영/회계 및 재무/CS 담당
1658,경력직 Front-end Developer (프론트 개발자)
1659,Back-end Developer (백엔드 개발자)
1660,"백엔드 개발자 (Java, Node.js)"
1661,프론트엔드 개발자 (React Native)
1662,제조 S/W Product Manager (반도체/디스플레이 제조/자동화 출신)
1663,Node.js 개발자
1664,서버개발자
1665,Back-end 개발자
1666,백엔드 개발자
1667,프론트엔드 개발자
1668,[넥스트유니콘] SW QA매니저-경력
1669,데이터 분석 애널리스트
1670,Software Enginner (Back-End)
1671,UX 디자인
1672,UX기획 담당
1673,[대웅그룹 자회사] 그룹웨어 솔루션 개발자
1674,QA 담당자
1675,Software Engineer (Front-End)
1676,글로벌 플랫폼 프론트 개발자 인재를 모십니다 (인턴/신입/경력)
1677,[Wordvice] PHP 개발 신입/경력 채용
1678,AI / Data Science 경력 채용(업계최고대우)
1679,[SW팀] 프론트엔드 웹개발자
1680,Spring 백엔드 개발자 (경력)
1681,[경력] ✨깃플과 함께 성장할 *풀스택* 개발자를 찾고있습니다
1682,[경력] ✨깃플과 함께 성장할 프론트엔드 개발자를 찾고있습니다
1683,PHP 개발자 모십니다.
1684,풀스텍 개발자 - 창업멤버 개발 총괄
1685,Senior Android Developer
1686,RPA개발 및 유지보수
1687,iOS 개발자
1688,Senior Backend Developer (PHP)
1689,Backend Developer (PHP)
1690,Windows Application Developer(WPF 가능자)
1691,Backend Developer (Java)
1692,DevOps Developer
1693,Data Engineer
1694,Android Developer
1695,보안 감사 팀장
1696,Product Owner
1697,Senior Backend Developer (Java)
1698,"[마인드핏] 주3회 근무, 프론트엔드 개발자님 모십니다! (근무시간 변경 가능)"
1699,주니어 백엔드 개발자
1700,React 프론트엔드 개발자 채용 (신입/경력)
1701,투자 전 채용 막차 - 프론트엔드 개발자(3년차 이상) - React 기반
1702,디지털치료기기 개발 연구원
1703,안드로이드 개발자
1704,iOS 개발자
1705,백엔드 개발자
1706,AI 엔지니어
1707,디지털치료제 인허가 (RA/QA) 담당자
1708,Mac / iOS 응용프로그램 개발자 채용
1709,Windows 응용프로그램 개발자 채용
1710,Full Stack Developer / Front End Developer / DevOps(or SE) for building AIoT Platform
1711,[이케이주식회사] PHP 웹개발자
1712,[딥큐어] 의료기기 시스템 설계/개발 연구원
1713,백엔드 개발자
1714,프론트엔드 개발자
1715,[(주) 레이언스] X-ray 시스템 개발 PM (차-부장급)
1716,[헤딩머니100만원] 데이터 과학자 모집(3년 이상)
1717,[글로벌기업] IT부서 Infrastructure Support Specialist (5년 이상)
1718,[헤딩/다임러트럭] IT Solution Architect for Research and Development (대리)
1719,[헤딩/대기업] SW Architecture (8년 이상)
1720,[씨드로닉스] 백엔드 개발자
1721,"머신러닝 엔지니어 (AIOPS, AI 모델 평가및 검증)"
1722,데이터 엔지니어
1723,백엔드 개발자
1724,IT팀(웹 풀스택 개발자)
1725,[국내대기업 IT계열사] Cloud Solution Architect
1726,[스마트택배] 스윗트래커CIC Back-end 개발자 모집
1727,프론트엔드 웹서비스 개발자
1728,프론트 엔지니어
1729,[연구개발팀] 프론트엔드 개발자
1730,파이썬 개발자 (웹 프론트엔드)
1731,iOS 개발자(3년 미만)
1732,DevOps Engineer
1733,[연구개발팀] 웹퍼블리셔
1734,인덱스마인에서 3년 이하 주니어 웹 개발자(신입환영!)를 모십니다.
1735,[웹 퍼블리셔] 초고속 성장하는 비대면 교육 플랫폼 스타트업에서 동료를 찾습니다!
1736,⭐ iOS 모바일 앱 개발자
1737,⭐ 안드로이드 모바일 앱 개발자
1738,Global Development Partner & AI Adtech 스타트업_개발 PM
1739,모바일 앱 Front-End(클라이언트) 개발자
1740,프론트엔드 개발자(3년 이상)
1741,서버 개발자(3년 이상)
1742,NLP Engineer for AI Startup
1743,시니어 백엔드(DevOps) 개발자
1744,[올림플래닛] 실감형 솔루션(VR) 프론트엔드 개발 경력 2년 이상
1745,[올림플래닛] 실감형 솔루션(VR) 백엔드 개발/golang 경력 3년 이상
1746,iOS 개발자(3년 이상)
1747,AI서비스 딥러닝/머신러닝 엔지니어 [이미지 합성]
1748,빅데이터 분석 및 개발자 모집 공고
1749,백엔드 개발자
1750,프론트엔드 개발자
1751,모바일 앱개발자
1752,"Software Engineer (백엔드 개발, Node.js)"
1753,Mechanical Engineer (C++ CAD/FEA 소프트웨어 개발)
1754,Python or Golang 경력 개발자 채용 (경력 5년 이상)
1755,PHP 웹개발 경력 개발자 채용 (경력무관)
1756,백엔드 개발자 · 신사업팀 (부동산 서비스)
1757,웹개발 경력직원 채용
1758,DBA
1759,플랫폼 Java 웹 개발자
1760,개발자채용
1761,프론트엔드 개발자
1762,프론트엔드 개발자
1763,R&D - backend developer
1764,IT 스타트업 파이썬(python) 서버개발자 모집
1765,대기업계열 미디어렙 웹개발 모집
1766,애드테크&커머스 스타트업 풀스텍 개발자 모집
1767,IT 스타트업 안드로이드(android)개발자 모집
1768,인공지능 지도데이터 기술스타트업 웹프론트 개발자 모집
1769,지도데이터 기술스타트업 측위연구원 (모바일개발자) 모집
1770,스타트업 커머셜 서비스 서버/프론트 개발자 모집
1771,인공지능 영상분석 스타트업 컴퓨터비전 및 AI 연구개발자 모집
1772,데이터 사이언티스트
1773,iOS 개발자 (시니어)
1774,대기업계열 미디어렙 앱개발 모집
1775,인공지능 영상분석 스타트업 백엔드(java)개발 모집
1776,스타트업 프론트엔드 React Native개발자 채용
1777,(주)엘솔루 웹 개발자 채용
1778,(주)엘솔루 R&D본부 ASR팀 개발직 채용
1779,sw 엔지니어 (신입/경력/정규직)
1780,System Engineer
1781,DevOps 엔지니어
1782,백엔드 개발자
1783,AI서비스 딥러닝/머신러닝 엔지니어 [자연어 처리]
1784,Neural Engineer Researcher( 의료영상 시뮬레이션 분석 및 연구원)
1785,소프트웨어 유틸리티 엔지니어
1786,의료영상 인공지능 엔지니어
1787,SE (System Engineer)
1788,AI 개발자
1789,SW 개발자 채용(프론트엔드)
1790,SW 개발자 채용(백엔드)
1791,데이터 엔지니어 (Data Engineer)
1792,안드로이드 엔지니어 (Android Software Engineer)
1793,국민피티 프론트엔드 개발
1794,node.js 개발자
1795,"백엔드 개발자(신입,산업기능요원가능)"
1796,국민피티 안드로이드 앱 개발자
1797,iOS 엔지니어 (iOS Software Engineer)
1798,백엔드 엔지니어 (Backend Software Engineer)
1799,프론트엔드 엔지니어 (Frontend Software Engineer)
1800,국내 TOP 브랜디드 컨텐츠(인플루언서) 마케팅 - QA
1801,국내 TOP 브랜디드 컨텐츠(인플루언서) 마케팅 - 웹 프로그래머(경력)
1802,데이터 엔지니어
1803,머신러닝 엔지니어
1804,백엔드 엔지니어
1805,React Native 개발자
1806,비대면 도서공유서비스 [우리집은 도서관] 서버 개발자 채용 공고
1807,JAVA 백엔드 개발자 경력/신입 모집
1808,"Back-End Dev ( 부동산,테크핀,블록체인 )"
1809,"Front-End Dev ( 부동산,테크핀,블록체인 )"
1810,[블록체인][핀테크] 블록체인 기반  수익증권 발행&거래소 개발 경력/신입모집
1811,Bigdata+AI 부동산 추천 서비스 부동부동  FrontEnd developer 채용
1812,"[부동산,테크핀,블록체인] Frontend 개발자, 퍼블리셔 채용"
1813,펀드블록 AI연구소  빅데이터 인공지능 경력자 모집
1814,"[부동산,테크핀,블록체인] Frontend 개발자 채용"
1815,"Quant, Data Scientist, Research Analyst (머신러닝/인공지능) 인턴, 신입 및 경력자 모집"
1816,국민피티 백엔드 개발자
1817,"부동산,테크핀,블록체인 에 관심 많으신 IOS , Android 개발자 충원"
1818,"디지털 자산 (부동산,금융) 블록체인 전문가"
1819,"디지털 자산 , 부동산 금융 정보보안 전문가."
1820,부동산 + 블록체인 + 투자 전문 기업 개발 팀 충원
1821,"[산업기능요원 전직/보충역] 소프트웨어 엔지니어 (Front-end, Back-end)"
1822,"[휴먼스케이프] 소프트웨어 엔지니어 (Front-end, Back-end)"
1823,웹 프론트엔드 개발자 채용합니다.
1824,[경력] 스마트팜 서비스 - 백엔드/풀스택 엔지니어
1825,WEB 개발자 (프론트엔드) 신입/경력 사원 모집건
1826,"서비스 개발자(Python, React, iOS, QA) 직군 공개 채용 (경력/인턴)"
1827,마이퍼피와 함께하실 웹 프론트 개발자를 모십니다.
1828,백엔드 엔지니어 (시니어)
1829,플랫폼본부 백엔드/프론트엔트 엔지니어
1830,[차이카드/페이] QA
1831,[차이카드/페이] DevOps Engineer
1832,[아임포트] Senior Front-end Engineer
1833,웹 개발자 정규직 채용
1834,서버 개발자
1835,파이썬 프로그래머
1836,"유명커머스업체, JAVA 서버 개발자"
1837,"유명 온라인플랫폼업체, JAVA 서버 개발자"
1838,"대기업계열사 온라인 플랫폼업체, 백엔드개발자"
1839,[아임포트] iOS Engineer (SDK구축)
1840,[아임포트] Back-end Engineer
1841,[아이디어스] QA 엔지니어
1842,"유명O2O서비스업체, Backend 개발자"
1843,"유명커머스업체, 프론트엔드 개발"
1844,"유명 온라인플랫폼업체, S/W 품질엔지니어"
1845,"온라인거래플랫폼, 웹 프론트엔드 개발"
1846,Web Frontend Engineer
1847,"IT스타트업, PHP서버개발자"
1848,"핀테크업체, 웹 프론트엔드 개발"
1849,"초대기업, iOS앱 개발자"
1850,[경력] 안드로이드 앱 개발자
1851,[경력] 안드로이드 앱 개발자
1852,(주) 유니메오에서 함께할 (웹) 백엔드 개발자 [과장급]를 찾습니다!
1853,[차이카드/페이] Data Engineer
1854,코인채굴 관련 웹&하이브리드앱 Full-Stack개발자 모십니다
1855,경력_백엔드 개발자(Back-End Developer) 채용
1856,경력_컴퓨터 비전 엔지니어(Computer Vision Engineer)채용
1857,[주도적으로 성장할 수 있는 환경]에서 함께하실 Front-end 개발자 채용!
1858,[주도적으로 성장할 수 있는 환경]에서 함께하실 Server 개발자 채용!
1859,[주도적으로 성장할 수 있는 환경]에서 함께하실 DB 개발자 채용!
1860,[주도적으로 성장할 수 있는 환경]에서 함께하실 Back-end 개발자 채용!
1861,AI/빅데이터-Data Scientist 연구개발 (병역특례 가능)
1862,iOS 개발자
1863,Web Front-end 개발
1864,Back-end System 개발
1865,Android 개발자
1866,[신한금융그룹] 스타트업 온라인 플랫폼(이노톡) 개발자 채용안내
1867,클라우드 미들웨어 및 어플리케이션 개발
1868,프론트 개발자
1869,[프론트엔드 개발자] 디센트(가상자산 월렛 서비스)와 함께 할 프론트엔드 개발자 모집합니다.
1870,"Python Django 주니어, 팀장급 개발자 채용"
1871,[Altair Korea/외국계] CFD Engineer 모집
1872,엔지니어
1873,[솔닥] 비대면 헬스케어 서비스 Backend 개발자를 찾아요
1874,[솔닥] JS/TS생태계를 사랑하는 Frontend 개발자를 찾습니다앗
1875,관심사 기반 글로벌 커머스 폰디의 Frontend 개발자를 찾습니다.
1876,관심사 기반 글로벌 커머스 폰디의 backend 개발자를 찾습니다.
1877,QA
1878,프론트엔드 개발자 (React.js)
1879,안드로이드 개발자 (5년 이상)
1880,Backend 개발자 채용 (주니어급 1명)
1881,"Frontend 개발자 채용(시니어급 1명, 주니어급 1명)"
1882,Engineering Manager (Android)
1883,React Front-end 웹개발자 채용
1884,React Native & Firebase 개발자 채용
1885,스타트업 전문 개발사 기술영업 채용
1886,Django Back-end 웹개발자 채용
1887,Big Data Engineer
1888,iOS 개발자 (5년 이상)
1889,프론트엔드 개발자
1890,백엔드 개발자
1891,Back-end 개발자 (Python)
1892,Front-End 개발자
1893,프론트앤드 개발자
1894,Back-End Engineer
1895,Web Front-End Engineer
1896,Data Analyst
1897,[숨고] DevOps Engineer
1898,Audio Processing
1899,[숨고] Front-end Engineer (Javascript)
1900,Back-end / Front-end / Web-Design Developer
1901,보안솔루션 개발자를 모십니다.
1902,서비스 개발자 [API 서버]
1903,서비스 개발자 [웹/앱 프론트]
1904,[연구개발팀] 머신러닝 개발자
1905,[더리치] 백엔드(BACK-END) 개발자 (개발 언어 무관)
1906,[더리치] 백엔드(BACK-END) 개발자
1907,백엔드 엔지니어 (산업기능요원/전문연구요원 복무 가능)
1908,Django 개발자 모십니다.
1909,"[원격진료 회사 : 닥터NOW] ⭐ 백엔드 개발자 NodeJS, Nestjs ⭐"
1910,[원격진료 회사 : 닥터NOW] ⭐ 프론트엔드 개발자 React  or React Native ⭐
1911,프론트엔드 개발자 모집
1912,3D Graphics 개발자
1913,베어런 PHP 개발자 (jQuery 및 모바일웹 경험자)를 모십니다.
1914,백엔트(Back-end) 개발자 채용
1915,프론트엔트(Front-end) 개발자 채용
1916,[글로벌 1백20만 다운로드 소셜 서비스 둥글] 신입 서버엔지니어 채용
1917,[글로벌 1백20만 다운로드 소셜 서비스_신사업] 서버엔지니어 경력 채용
1918,[글로벌 1백20만 다운로드 소셜 서비스 둥글] 웹 프론트 엔지니어 경력 채용
1919,프론트엔드 개발자 모집
1920,[주식회사 미로] 개발팀 개발자 채용(각 직군별)
1921,(주)반달소프트 2021년 상반기 프론트엔드 개발자 채용
1922,(주)반달소프트 2021년 상반기 백엔드 개발자 채용
1923,(주)반달소프트 2021년 상반기 머신러닝 개발자 채용
1924,[경력/신입] 프론트엔드 개발자
1925,비전을 함께할 백엔드(Backend) 개발자를 추가 모집합니다.
1926,[IT사업부] S/W 개발 직무 Back-End 개발자 모집
1927,JAVA / Spring framework / MySQL
1928,Devops (Kubernetes/docker) 운영
1929,머신러닝 (NLP) 엔지니어
1930,Back-End(백앤드) Node.js 개발자
1931,웹 프론트엔드 개발(경력)
1932,클라우드 서비스 개발자
1933,사내 협업도구 서비스 관리자
1934,개발PM
1935,Video Processing
1936,웹프론트엔드개발(신입)
1937,Edge 플랫폼 개발(경력)
1938,SW개발자(경력)
1939,Edge 플랫폼 개발(신입)
1940,클라우드 개발(신입)
1941,백엔드 개발(신입)
1942,클라우드 개발(경력)
1943,백엔드 개발자를 모십니다.(경력)
1944,Web Front-end 개발자
1945,Computer Vision & Deep-learning 개발자
1946,Web Back-end 개발자
1947,Windows Application 개발자
1948,AI개발
1949,백엔드 개발자 채용 (경력: 2년 이상)
1950,풀스택 개발자 채용 (경력: 4년 이상)
1951,백엔드 서버 개발자(Back-end) 채용 공고
1952,안드로이드 개발자 채용
1953,iOS 개발자 채용
1954,"모바일 앱 개발자 (iOS, Android)"
1955,Back-end Engineer (Python)
1956,Front-end Engineer
1957,iOS App 개발
1958,모바일 앱 개발자(Junior)
1959,"백엔드 개발자 - Python/Django(여행 B2C,B2B ERP플랫폼(Basecamp) 구축/개발 프로젝트)"
1960,프론트엔드 엔지니어 채용
1961,PHP 웹개발자 채용진행
1962,[신입 및 경력직] 프론트 엔드 개발자 모집 합니다.
1963,웹 개발자
1964,"Front-End 개발자 채용 (React, React Native)"
1965,[재택근무] 클럽하우스 유사한 음성스트리밍 안드로이드 개발자 채용 - 200만 음성통화 개발이력 회사
1966,[재택근무] 클럽하우스 유사한 음성스트리밍 Python 서버 개발자 채용 - 200만 음성통화 개발이력 회사
1967,[재택근무] 클럽하우스 유사한 음성스트리밍 아이폰 개발자 채용 - 300만 음성통화 개발이력 회사
1968,"웹 개발자, 쇼핑몰 구축"
1969,글로벌 1등 RPA 업체 Automation Anywhere의 국내 공식 파트너사 싸이버워커에서 RPA 개발자님을 채용합니다
1970,안드로이드 앱 개발자 (프리랜서)
1971,iOS 앱 개발자 (신입/경력)
1972,Frontend 개발자
1973,Back-end 개발자 (프리랜서)
1974,iOS 앱 개발자 (프리랜서)
1975,"Back-end 개발자 (경력, 3년~)"
1976,안드로이드 앱 개발자(경력 3년 이상)
1977,Frontend 개발자 (프리랜서)
1978,"웹 개발자, 프론트엔드(web) 개발자"
1979,Android App 개발자
1980,Android 개발자
1981,iOS 개발자
1982,모니터링 시스템 개발 전문가
1983,IOS 어플리케이션 개발자 채용
1984,APP/WEB Front-end 개발자 채용
1985,React-Native 개발자
1986,브러쉬몬스터 유니티 개발자
1987,브러쉬몬스터 웹 프론트엔드 개발자
1988,브러쉬몬스터 백엔드 개발자
1989,Frontend SW engineer 채용
1990,Backend SW engineer 채용
1991,"""인플루언서 커머스"" 풀스택 개발자 (Django/React)"
1992,"""인플루언서 커머스"" 프론트엔드 개발자 (React)"
1993,프론트엔드개발자
1994,프론트엔드 개발자
1995,프론트엔드 개발자 급구
1996,[윙잇] 커머스 React.js 웹 프론트엔드 개발자
1997,[로보트리] O2O 플랫폼 프론트엔드 개발자
1998,백엔드 주니어 개발자 채용공고
1999,프론트 엔드 시니어 개발자 채용공고
2000,백엔드 시니어 개발자 채용공고
2001,[병역특례-전문연구요원]AI 솔루션을 함께 개발할 응용 소프트웨어 개발 엔지니어를 구합니다.
2002,백엔드 개발자
2003,프론트엔드 개발자
2004,웹 프론트엔드 개발자
2005,웹풀스택 전문가
2006,Full Stack 개발자
2007,"프론트엔드, 백엔드 신입 개발자, 인턴 개발자 모집"
2008,[빼기] 백엔드 개발자(3년이상 경력)
2009,[빼기] 프론트엔드 개발자(3년이상 경력)
2010,[스탁키퍼] 프론트앤드 웹 개발자 (Web Developer) 모집
2011,[스탁키퍼] 풀스텍 개발자 (Full Stack Developer) 모집
2012,[스탁키퍼] iOS 개발자 (iOS Developer) 모집
2013,[스탁키퍼] 백엔드 서버 개발자 (Back-End Developer) 모집
2014,[스탁키퍼] 안드로이드 개발자 (Android Developer) 모집
2015,[산업용 드론의 강자 VORASKY] 정보처리분야 산업기능요원(병역특례) 모집
2016,[산업용 Drone pioneer VORASKY]  SW부문 경력직 모집
2017,"4차산업시대, 스마트팩토리(MES,AI,VR,AR) 연구원 / 개발자 모집"
2018,Unity로 산업용 디지털트윈 협업툴/유틸리티 개발(전문연/졸업예정자 병특가능)
2019,풀스택 개발자(Node.js)
2020,React 기반 프론트앤드 개발자 모집
2021,"워커맨 자바, 안드로이드 개발자 모집"
2022,React 및 React Native 개발자
2023,R&D - front end developer
2024,android 클라이언트 엔지니어
2025,iOS 클라이언트 엔지니어
2026,백엔드 개발자 모집 (경력)
2027,Front End 개발자
2028,인프라 담당 Engineer (경력자 우대)
2029,웹 프론트엔드 (Vue.js)
2030,앱 개발/운영
2031,서버/풀스택 개발자
2032,데이터 엔지니어
2033,백엔드 개발자
2034,[펜타시큐리티] 사내 정보시스템/고객지원센터 웹 프론트/백 엔드 개발 담당자 모집
2035,"[펜타시큐리티] 보안S/W 개발 및 기획자 모집 (웹, 인증, 블록체인)"
2036,AI 신약스타트업_Machine Learning Engineer / AI Research Scientist 채용
2037,[골라라_개발자] Service Developer Genius를 모십니다!
2038,개발자
2039,[맘시터] 웹 프론트엔드 엔지니어 (React)
2040,[맘시터] 백엔드 엔지니어
2041,[테크사업부] 프론트엔드 개발자-플랫폼 개발 분야
2042,[테크사업부] 데이터 엔지니어 인턴
2043,[테크사업부] 백엔드 개발자
2044,[테크사업부] 프론트엔드 개발자-태그 설치 및 개발 분야
2045,[크로켓] 백엔드 서버 개발자 모십니다.
2046,[크로켓] 웹프론트엔드 개발자를 모십니다.
2047,프론트엔드 개발자
2048,[Dev] iOS 개발자
2049,[Dev] iOS 개발자 (신입)
2050,프론트엔드 개발자
2051,백엔드 개발자
2052,웹퍼블리셔
2053,플랫폼 엔지니어(안티치트)
2054,[카카오워크] 서버개발자
2055,오픈 API 설계 및 개발자 (5년 이상)
2056,Full Stack Software Engineer
2057,가상자산(암호화폐) 지갑 백엔드 설계 및 개발
2058,iOS개발자 모집
2059,Android 개발자 모집
2060,프론트엔드 엔지니어
2061,오픈소스기반 DevOps 구축 & 개발
2062,Apache Kafka / Confluent 기반 설계 & 개발
2063,오픈소스기반 MSA or AA 설계/개발
2064,Java Backend/ Frontend 설계 & 개발
2065,오픈소스 기반 시스템 관리자 (5년 이상)
2066,Back-end Software Engineer (Java / 5년 이상)
2067,Front-end Software Engineer (React / 3년 이상)
2068,[마이페어] 웹 백엔드 개발자 채용(신입/경력)
2069,Back end 개발자
2070,Front end 개발자
2071,인공지능(AI)·빅데이터 엔지니어
2072,서버 개발자
2073,"웹 개발자, 백엔트(Web) 개발자"
2074,웹 풀스택 개발자
2075,[백패커/아이디어스] 웹퍼블리셔 (계약 1년)
2076,[백패커/아이디어스] iOS 개발자
2077,[백패커/아이디어스] 백엔드 개발자
2078,[백패커/아이디어스] Data Product 개발자 (Data Platform)
2079,[백패커/아이디어스] 프론트엔드 개발자
2080,[백패커/아이디어스] QA 엔지니어
2081,[백패커/아이디어스] DevOps 엔지니어 (신입/경력)
2082,[백패커/아이디어스] 안드로이드 개발자
2083,백엔드 개발자 (Python/Django)
2084,[TIE] SLAM Engineer 채용
2085,세이프 스쿨버스 서버 및 클라이언트(flutter) 개발자 채용
2086,인공지능 웹 개발 프로젝트 기술 PM
2087,UI/UX 기획자
2088,앱 프론트엔드 개발자 모집합니다 (React Native)
2089,백엔드 개발자 모집합니다
2090,"백엔드/프론트엔드 엔지니어 (Back-end, Front-end)"
2091,프론트엔드 엔지니어(2년차 이상)
2092,마케팅플랫폼(RIMS) 개발자 (5년 이상)
2093,퀀트(금융공학) 개발자
2094,퀀트(금융공학) 연구 개발자
2095,소프트웨어 엔지니어 (시니어)
2096,Web SW Developer - 데이터 플랫폼 개발자
2097,프론트엔드 엔지니어
2098,백엔드 엔지니어(2년차 이상)
2099,Mobile App 개발자
2100,Backend 개발자
2101,시스템 엔지니어 (System Engineer)
2102,DBA (Database administrator)
2103,Web Frontend 개발자
2104,IT스타트업 타우니에서 백엔드 엔지니어(Python)를 모십니다.
2105,Software Engineer
2106,웹 프론트엔드 개발자 (React) (신입/경력)
2107,안드로이드 /iOS 및 백엔드 개발자
2108,백엔드 엔지니어
2109,안드로이드 애플리케이션 엔지니어
2110,iOS 애플리케이션 엔지니어
2111,[신사업] Angular Front-End 엔지니어
2112,Ruby on Rails 경력 개발자 채용
2113,iOS 클라이언트 개발자 채용 / 실.경력에 맞는 평균연봉대우+인센티브
2114,Back-end 개발자 / 실.경력에 맞는 평균연봉대우+인센티브
2115,Android 개발자 / 실.경력에 맞는 평균연봉대우+인센티브
2116,프론트엔드 개발자 모십니다.
2117,안드로이드 개발자 (Android App Engineer)
2118,백엔드 엔지니어
2119,안드로이드 개발자
2120,프론트엔드 엔지니어
2121,백앤드 서버 개발자
2122,신뢰와 협력을 위한 플랫폼을 함께 만들어갈 개발자를 모십니다.
2123,[TENDOM] Android / iOS / React Native 앱 개발자 모집
2124,Web Front-end 개발자
2125,"로봇, AI 교육 콘텐츠 개발 및 강의 진행"
2126,[서버팀] Java 서버(백엔드) 개발자 모집
2127,[WEB팀] 웹 프론트엔드 개발자 모집
2128,[서버팀] 데이터 엔지니어 (백엔드 개발) 모집
2129,"[플레이오 - 게이머의 멤버십] [웹 개발] ReactJS , Python 쥬니어 개발자"
2130,DevOps Engineer (산업기능요원/전문연구요원 복무 가능)
2131,웹 GIS 엔지니어 (산업기능요원/전문연구요원 복무 가능)
2132,Research Engineer - Computer Vision (산업기능요원/전문연구요원 복무 가능)
2133,프론트엔드 엔지니어 (산업기능요원/전문연구요원 복무 가능)
2134,서비스 기획자 (산업기능요원/전문연구요원 복무 가능)
2135,글로벌 특허검색 - 검색엔진 설계/운영 개발자
2136,글로벌 특허검색엔진의 백엔드 개발자님을 모십니다.
2137,데이터 엔지니어를 모십니다. (글로벌 특허검색/분석 서비스)
2138,비전을 함께할 플루터 개발자를 모집합니다.
2139,비전을 함께할 IoT 개발자를 추가 모집합니다.
2140,Docswave 백엔드 개발자 (Backend Developer)
2141,Docswave 프론트엔드 개발자 (Frontend Developer)
2142,안드로이드 개발자
2143,테크니컬 라이터 / UX 라이터
2144,Window 개발자
2145,iOS 개발자
2146,안드로이드 개발자
2147,웹 프론트엔드 개발자
2148,백엔드(서버) 개발자
2149,Software Team Lead
2150,CI/CD(빌드 자동화) 엔지니어
2151,백엔드 개발자
2152,ERP 운영 개발 업무(웹 개발 쥬니어~시니어)
2153,웹 개발자를 모십니다.
2154,Data Scientist
2155,[어뮤즈] 웹 프론트엔드 개발
2156,웹개발 / Java·JSP / 프론트 / 백엔드 정직원 채용(경력)
2157,아이나비 모바일 iOS 앱 개발자 모집
2158,아이나비 모바일 Android 앱 개발자 모집
2159,Back-End 개발자 (Django) [산업기능요원 보충역 가능]
2160,백엔드/웹크롤링 개발/데이터 엔지니어 정규직 채용
2161,"iOS 개발자 [전문연, 보충역특례도 가능]"
2162,"Web 개발자 [전문연, 보충역특례도 가능]"
2163,"DevOps 엔지니어 채용[전문연, 보충역특례도 가능]"
2164,프론트엔드 개발자
2165,프론트엔드/AWS 개발자
2166,"웹 프론트엔드 개발자 채용(Vue, Typescript)"
2167,시스템트레이딩전략개발
2168,프론트엔드(Front-end) 엔지니어
2169,인공지능 AI / ML 엔지니어
2170,[(주)트리플렛] AI +IoT 웹/서버 개발자 채용
2171,node.js 백엔드 개발자!
2172,시스템 엔지니어 채용
2173,IT 개발자 채용
2174,실리콘밸리 출신 CTO와 함께 일할 UX/UI 디자이너 채용합니다.
2175,"주니어 개발자 (프론트, 백엔드) 모십니다."
2176,제품/솔루션 개발직 신입/경력 채용
2177,차세대 무선랜/이동통신/비디오코덱 표준화 및 개발 연구인력 모집 (전문연구요원 포함)
2178,"""인플루언서 커머스"" 백엔드 개발자 (Django)"
2179,[물류 스타트업] Node.js 백엔드 개발자
2180,IT/Infra Manager(인프라)
2181,Frontend 개발
2182,서버 개발자
2183,[마켓컬리] iOS 앱개발자
2184,데이터 엔지니어
2185,모바일 앱 엔지니어
2186,검색 엔지니어
2187,IoT 서버 개발자 채용 (경력)
2188,WEB APP 개발자/프로그래머 모집
2189,백엔드 개발자
2190,프론트엔드 개발자
2191,UI개발 싫어하는 시스템 프로그래밍 개발자(Go) / UI 개발 좋아하는 React 개발자 채용
2192,[Back-End] HUBRIZ Find  Back-End Developer !!
2193,포트폴리오 만들어보실 앱 개발자 를 모십니다! (인턴/계약직)
2194,iOS 앱 개발자
2195,[Gaze Tracking] 우주에서 가장 빠르고 정확한 딥러닝 알고리즘을 만들 팀원을 구합니다!
2196,Telehealth 플랫폼 및 UI 개발자 모집 (Frontend / Backend)
2197,웹 프론트 개발자
2198,웹 백앤드 개발자
2199,대한민국 NO.1 구독플랫폼 “꾸준”을 함께 만들어갈 개발자님을 찾습니다.
2200,웹/서버 플랫폼 엔지니어(전문연구요원 가능)
2201,주주 소프트웨어 엔지니어
2202,프론트 엔드 주니어 개발자 채용공고
2203,[전문연구요원] 인공지능/딥러닝/컴퓨터비전 전문가
2204,[인턴] 웹 백엔드 (Back-end) 엔지니어
2205,백엔드 엔지니어
2206,Tech Lead Manager
2207,[전문연구요원] 백엔드 (Back-end) 엔지니어
2208,Back-end SW 엔지니어
2209,[React] 리액트 개발자 (3년차 이상)
2210,[플레이오토] 개발팀 및 DevOps부서 신입 채용
2211,Javascript 개발자(인턴/프리랜서)
2212,[로플랫] 프론트엔드(FE)  경력 개발자 채용
2213,[로플랫] 안드로이드 경력 개발자 채용
2214,신규서비스 [HOOGI] 서버/백앤드 개발자 특급 채용
2215,자유롭게 일하고 싶은 React Native 개발자를 찾습니다
2216,AI/Computer vision Researcher
2217,Machine Learning Engineer
2218,AI Researcher
2219,웹 개발 담당자 모집
2220,클라우드 인프라 개발 담당자 모집
2221,프론트엔드 개발자 (React.js)
2222,"백엔드 개발자 (JAVA, SPRING)"
2223,SW Engineer (Computer Vision)
2224,Android 모바일 앱 개발자
2225,모바일팀 리더
2226,iOS 모바일 앱 개발자
2227,안드로이드 앱 엔지니어
2228,추천 엔지니어
2229,프론트엔드 엔지니어
2230,PHP 엔지니어
2231,Computer Vision SW Engineer (Lead)
2232,프론트엔드 개발자
2233,iOS 개발자
2234,시니어 서버 개발자
2235,빅데이터 개발자를 모십니다.
2236,APP 개발자를 모십니다.
2237,ionic 개발자 채용 (채용시 마감)
2238,[Wonderwall] Back-End 개발자
2239,[Wonderwall] Front-End 개발자
2240,Work and Life Balance에 관심 많은 Android 모바일 앱 개발자
2241,학창생활 방식 혁신에 관심 많은 Android 모바일 앱 개발자
2242,Work and Life Balance에 관심 많은 iOS 모바일 앱 개발자
2243,웹 백엔드 소프트웨어 엔지니어
2244,백엔드 개발자
2245,학창생활 방식 혁신에 함께 할 관심 많은 iOS 모바일 앱 개발자
2246,백엔드 개발자 채용
2247,"웹 개발, 데이터 분석 개발자(신입 및 경력)"
2248,스마트팜 서비스 UI 및 백엔드 개발자(경력)
2249,웹 개발자
2250,스마트 컨트랙트(Smart Contract) 개발자 모집 - 대한민국 최고의 블록체인 서비스 톡큰
2251,모바일 웹 프론트엔드 및 백엔드 개발자 모집 - 대한민국 최고의 블록체인 서비스 톡큰
2252,"어플리케이션 (Front-end, Back-end) 신입, 경력 채용합니다."
2253,S/W 개발자 모집(프론트엔드)
2254,"전문연구요원 모집(프로그래머, 데이터 전문가)"
2255,Data Scientist / ML Engineer
2256,백엔드 개발자
2257,소프트웨어 개발자
2258,백엔드 개발자
2259,ReactJS / React-Native Developer
2260,[경력] 백엔드/프론트엔드 엔지니어 (전직/보충역 산업기능요원 가능)
2261,[경력] 데이터 엔지니어/데이터 사이언티스트 (전직/보충역 산업기능요원 가능)
2262,[경력] 프로덕트 오너
2263,울프플래닛에서 든든한 백엔드 개발자를 찾습니다.
2264,어플리케이션 개발 담당 (백엔드)
2265,Java 개발자
2266,백앤드 개발 경력
2267,[ 이넘넷 ] 서버 개발자 충원/모집
2268,[ 이넘넷 ] 모바일 개발자 충원/모집
2269,AR APP 개발자
2270,iOS 앱 개발자
2271,PHP(WordPress) 개발자
2272,데이터 엔지니어
2273,웹 퍼블리셔
2274,웹플랫폼 개발
2275,모바일 앱 개발자
2276,iOS 앱개발
2277,배달 앱 / IT 모바일 앱 개발자
2278,안드로이드 앱 개발자
2279,iOS 아이폰 앱 개발자(swift 경험자)
2280,프론트엔드 개발자
2281,Java(or Kotlin) 백엔드 개발자 모집
2282,[레코벨] Back-end 개발자 채용
2283,[스타트업] 안드로이드 엔지니어
2284,[스타트업] ios 엔지니어
2285,[교육 플랫폼 서비스 기업] 백엔드 개발자(3년이상)
2286,[프로그래밍 교육기업] 프론트엔드 개발자
2287,[핀테크 기업] 프론트엔드 개발자
2288,[핀테크기업] 웹개발(7년이상)
2289,[TIE] Machine Learning Engineer 채용
2290,[TIE] Linux Software Developer 채용
2291,[TIE] Computer Vision Engineer 채용
2292,[TIE] Flight Control Engineer 채용
2293,[TIE] Android Developer 채용
2294,[TIE] Junior Robotics Engineer 채용
2295,[TIE] Embedded Software Engineer 채용
2296,[TIE] Autonomy Engineer 채용
2297,스마트시티솔루션/도시데이터허브 개발팀 (신규) 셋업 중
2298,데이터 엔지니어
2299,[경력/QA] (주)티벨 SW테스트 엔지니어 모집
2300,[Android/풀스텍] 앱 개발자 채용
2301,[주4회 근무] React Native 앱 개발자 채용 (co-founder 합류가능)
2302,JAVA 경력자
2303,백엔드 개발자
2304,Mobile Engineer 모바일 개발자
2305,Back-end Developer / Enginner 백엔드 엔지니어
2306,React 웹 어플리케이션 Front-End 개발자
2307,Core Engineer
2308,Embedded 개발자
2309,Front-end 개발자
2310,레일즈 웹 개발자
2311,iOS 모바일 앱 개발자
2312,커머스앱 웹 리드 개발자
2313,커머스앱 하이브리드 영역 웹 개발자
2314,웹 개발자
2315,웹 퍼블리셔
2316,원격재활 IoT 웹 서비스 프론트엔드 / 백 엔드 개발
2317,원격재활 IoT  IOS 앱 개발
2318,Cloud SW 개발자
2319,[PUBG: NEW STATE] Senior Server Programmer
2320,App 개발자
2321,서버 개발자
2322,프로젝트 관리자
2323,ReactJS 프론트엔드 개발
2324,정보보호 담당자
2325,Data Analyst
2326,PHP 백앤드 개발자
2327,[기술개발] 웹서버 시니어 개발자 (10년 이상)
2328,Data Scientist
2329,[창업멤버] 웹 프론트 개발자
2330,(신입/경력) WiFi/5G 보안 엔지니어 모집
2331,[아지앙스 코리아] 경력직 풀스텍 개발자 채용
2332,[5개 직군] 현대인의 필수인 패스오더 개발자를 모십니다
2333,DBA
2334,리액트(React) 개발자 채용 (신입/경력)
2335,프로그램 및 앱 개발자 채용
2336,"의료 인공지능 회사에서 개발자를 모십니다 (백엔드, 웹 프론트엔드, Medical AI 연구/개발자)"
2337,[W Club] 소프트웨어 엔지니어 모집 (신입 / 경력 1~2년)
2338,[W Club] 소프트웨어 엔지니어 모집 (경력직)
2339,1.5~4년 차 안드로이드 개발자
2340,1.5년 ~4년차 iOS 엔지니어 구합니다.
2341,AR 증강현실 콘텐츠 개발자
2342,링링! 안드로이드 개발자 채용!
2343,Server Developer
2344,[부산]z-emotion 패션 디자인 소프트웨어/프로젝트 QA 팀원 채용
2345,[부산]z-emotion 소프트웨어 엔지니어를 채용합니다
2346,백엔드 개발자
2347,모바일 앱서비스 프론트엔드 개발자
2348,프론트엔드(Front-end) 개발자
2349,"개발팀장(백/서버, 웹프론트엔드 실무 및 관리)"
2350,백엔드(Back-end) 개발자
2351,JAVA 스프링 경력자 모십니다.
2352,NodeJs 개발자 채용 (경력)
2353,QA/QC 채용 (신입/경력)
2354,DW Engineer
2355,데이터 엔지니어 (Data Engineer)
2356,프론트엔드 웹개발자 (React)
2357,Tech Group Head
2358,C# .NET 개발 및 운영
2359,Data Engineer
2360,서버/백엔드 개발자 (Java)
2361,앱개발자 (React Native)
2362,Back-end 개발자
2363,Front-end 개발자
2364,프론트 개발자
2365,서빙로봇 dilly 프론트엔드 개발자
2366,블록체인 개발(서울 강남근무)
2367,CTO
2368,[빼기] 백엔드 개발자(3년이상)
2369,[빼기] 프론트엔드 개발자(3년이상)
2370,프론트엔드 개발자
2371,배포 관리자
2372,인프라 엔지니어
2373,C/C++ 개발자
2374,정보보안
2375,백엔드 개발자
2376,iOS 개발자
2377,미디어 서버 개발자
2378,클라우드 서비스 네트워크 개발자
2379,윈도우 클라이언트 개발자
2380,프로덕트 매니저
2381,IOS 개발자
2382,웹 백엔드(Web Backend) 개발자
2383,웹 프론트엔드(Web FrontEnd) 개발자
2384,안드로이드 개발자
2385,SW/HW 엔지니어
2386,"프론트엔드 개발자 (Mobile, Native)"
2387,Front-End / Back-End 개발자(서울)
2388,Front-End / Back-End 개발자(부산)
2389,IT Service Developer
2390,Jr. DBA
2391,Frontend Developer
2392,iOS Developer
2393,IT System Engineer
2394,Sr. Backend Developer (Fintech)
2395,Jr. Backend Developer
2396,Business Intelligence Engineer
2397,Data Scientist
2398,Data Engineer
2399,검색/추천 ML Engineer
2400,DevOps Engineer
2401,DBA
2402,[QA] Automation Engineer
2403,Android Developer
2404,Backend Developer
2405,Search Developer
2406,QA Engineer
2407,[QA] Performance Test Engineer
2408,[ESTsoft] 팀업 기술지원 담당자
2409,"[Coupang Pay] Principal, Cloud IAM Engineer (FinTech Infrastructure)"
2410,"[Coupang Pay] Senior, Cloud IAM Engineer (FinTech Infrastructure)"
2411,정산개발팀 백엔드 개발자
2412,"VR/AR/MR 개발(Unreal, Unity)"
2413,프론트엔드 개발자
2414,Java 서버 개발자
2415,자바 백엔드 개발자
2416,System Engineer
2417,System Architect (클라우드 엔지니어)
2418,데이터베이스 DBA
2419,오토 파일럿 시스템 소프트웨어 엔지니어
2420,CV Team Leader
2421,Frontend Engineer
2422,Backend Engineer
2423,배민커넥트 배달플랫폼 백엔드 시스템 개발자
2424,CV Junior Researcher
2425,CV Senior Researcher
2426,서버개발자
2427,[윙잇] 커머스 React.js 웹 프론트엔드 개발자
2428,시스템(인프라) 엔지니어
2429,백엔드 엔지니어
2430,Backend Engineer
2431,프론트엔드 개발자 (병역특례/산업기능요원 가능)
2432,[마켓컬리] 커머스플랫폼 Java 서버개발자
2433,Atlassian 솔루션 엔지니어
2434,안드로이드개발자
2435,백엔드 주니어 개발자
2436,그로스 해커 & 데이터 분석가
2437,백엔드 개발자
2438,백엔드 시니어 개발자
2439,빅데이터 연구원(Data Researcher)
2440,Polaris Office 웹개발
2441,Android 개발자 (안드로이드/산업기능요원가능)
2442,iOS 개발자 (병특/산업기능요원 가능)
2443,머신러닝 엔지니어
2444,백엔드 개발자(PHP)
2445,백엔드 시니어개발자
2446,iOS 개발리드
2447,시니어 웹 프론트엔드 개발자 (Web Front-end)
2448,DevOps 시니어 엔지니어
2449,프론트엔드 개발자(Vue.js)
2450,프론트엔드 엔지니어
2451,[테크사업부] 프론트엔드 개발자 - 태그 설치 및 개발 분야
2452,[테크사업부] 프론트엔드 개발자 - 플랫폼 개발 분야
2453,웹개발자
2454,프론트엔드 개발자(React.js)
2455,네트워크 엔지니어
2456,백엔드 개발자(Node.js)
2457,QA Engineer
2458,안드로이드 개발자
2459,개인정보보호 담당자
2460,Backend Engineer
2461,[로톡] AI 엔지니어 머신러닝/딥러닝(NLP)
2462,[로톡] iOS Developer
2463,[로톡] Android Developer
2464,[전문연구요원 편입/전직] 안드로이드 엔지니어
2465,[전문연구요원 편입/전직] iOS 엔지니어
2466,[전문연구요원 편입/전직] 프론트엔드 엔지니어
2467,[로톡] MLOps 엔지니어 (신입가능)
2468,[로톡] 프론트엔드 엔지니어
2469,[전문연구요원 편입/전직] 머신러닝 소프트웨어 엔지니어
2470,[로톡] 플랫폼 서비스 데이터 분석가
2471,[로톡] 백엔드 엔지니어
2472,iOS 개발자
2473,CTO / 개발리드
2474,게임 클라이언트 엔지니어
2475,안드로이드 개발자
2476,웹 Front-end 개발자
2477,프론트엔드 개발자
2478,Computer Vision SW Engineer (Jr/Mid/Sr)
2479,웹/앱 퍼블리셔
2480,모바일QA
2481,[미트박스] 앱 개발자
2482,[미트박스] 프론트엔드 개발자
2483,[미트박스] Back-end 개발자 (Java)
2484,FE 개발자
2485,Back-end Engineer
2486,백엔드/서버 개발자 (Ruby on Rails)
2487,정보보안시스템 운영 담당자
2488,wavve 빅데이터 개발자 [신입가능]
2489,[채널톡] 백엔드 서버 개발자 (산업기능요원 전직/보충역 포함)
2490,[채널톡] iOS Software Engineer (산업기능요원 전직 / 보충역 포함)
2491,apM Members iOS Native 개발자
2492,NAVER Z ZEPETO iOS 개발
2493,NAVER Z ZEPETO Android 개발
2494,안드로이드 개발자
2495,프론트엔드 1인 (3년차 이상. 최소 파트장급)
2496,파이썬 개발자
2497,백엔드  (3년차 이상. 최소 파트장급)
2498,[다짐] 프론트엔드 개발자 (3년 이상)
2499,웹 백앤드 엔지니어
2500,파이썬 엔지니어
2501,서버개발자(Frontend Engineer)
2502,Backend Engineer (전문연구원 가능)
2503,안드로이드 개발자(전문연구원 가능)
2504,iOS 개발자 (전문연구원 가능)
2505,[토스증권] DBA
2506,[토스뱅크(가칭)] Data Scientist
2507,[토스증권] Data Analyst
2508,[토스페이먼츠] Data Engineer
2509,[토스코어] Data Engineer (Analytics)
2510,자바(java) 개발자
2511,데이터 분석 전문가
2512,프론트엔드 앱개발자 (React Native)
2513,iOS 개발자
2514,iOS 개발
2515,Software Engineer (Front-end)
2516,"Software Engineer, Data Platform"
2517,안드로이드 엔지니어 (Android Engineer/Kotlin)
2518,iOS 엔지니어 (iOS Engineer/Swift)
2519,Blockchain smart contract 주니어 개발자
2520,JAVA 백엔드개발자
2521,PHP 백엔드개발팀 팀원(E-Biz개발팀)
2522,DevOps / 시스템 관리자
2523,프론트엔드개발자
2524,JAVA 주니어 백엔드개발자
2525,"백엔드 엔지니어 (Backend Engineer/Python, Django)"
2526,"프론트엔드 엔지니어 (Frontend Engineer/React, TypeScript)"
2527,JAVA 시니어 백엔드개발자
2528,파이썬 엔지니어
2529,백엔드 개발자
2530,프론트엔드 개발자
2531,프론트엔드 개발자(주니어)
2532,[전문연구요원 편입/전직] 백엔드 엔지니어
2533,백엔드 개발자 Senior
2534,[위매치] 백엔드 개발자
2535,프론트엔드 개발자
2536,백엔드 개발자 Junior
2537,검색/추천 모델링 개발 (ML/DL/pipeline)
2538,티켓 예약 시스템 개발자 ( Ticket Reservation System Developer )
2539,데브옵스 개발자 ( DevOps Engineer )
2540,QA 엔지니어 (QA Engineer)
2541,프론트엔드 개발자 ( Frontend Engineer )
2542,액티비티 서버 개발자 ( Activity Server Developer )
2543,백엔드 개발자 ( Backend Engineer )
2544,AI 엔지니어 ( AI Engineer )
2545,머신러닝 엔지니어
2546,QA Engineer(QA 엔지니어)
2547,QA 엔지니어
2548,프론트엔드 개발자
2549,안드로이드 개발자
2550,"Frontend Engineer 신입가능 (React or Vue or Angular, Front)"
2551,Backend Engineer신입가능 (Java / Spring)
2552,Mobile Engineer 신입가능 (Android / iOS / Flutter)
2553,데이터 분석가 (Data Analyst)
2554,백엔드 개발자
2555,광고 플랫폼 개발자(신입)
2556,백엔드 엔지니어(Back-end)
2557,Android 개발자
2558,시니어 백엔드 엔지니어(Back-end)
2559,프론트엔드 엔지니어(Front-end)
2560,iOS 앱개발자
2561,플랫폼 프로그래머
2562,Back-end 개발자
2563,iOS 개발자(B2C 풀리)
2564,백엔드 개발자(B2C 풀리)
2565,프론트엔드 개발자
2566,백엔드 개발자(시니어)
2567,QA Engineer(매쓰플랫)
2568,[핑퐁] AI 챗봇 개발자 (Backend Software Engineer)
2569,모바일 앱개발자
2570,프론트엔드 개발자
2571,백엔드 개발자
2572,당근페이 서버 개발자 (Server Developer)
2573,Back-end Engineer (Java)
2574,머신러닝 엔지니어
2575,공유배송 서비스 및 플랫폼 개발자
2576,서비스 및 플랫폼 개발자
2577,서버/ 백엔드 개발자
2578,검색 프론트 엔드 개발자
2579,검색서비스 백 엔드 개발자
2580,다이나믹프라이싱 개발
2581,서버 개발자(리더급)
2582,DevOps Engineer
2583,Back-end Engineer (Python)
2584,iOS 개발자
2585,웹 운영 및 유지보수 개발자
2586,시니어 웹 개발자
2587,안드로이드 개발자
2588,프론트엔드 개발자
2589,백엔드 개발자 (PHP)
3542,Polaris Office 웹개발 경력직 모집 
3543,[프로그래머스] 웹 서비스 개발자
3544,Front-end Developer
3545,[프로그래머스] 온라인 교육 플랫폼 개발자
3546,프로덕 엔지니어
3547,프론트엔드 엔지니어(전문연구요원 복무 가능)
3548,Software Engineer (C/C++) - MacOS
3549,Server Software Engineer
3550,Android 어플 개발자 
3551,Unity 개발자
3552,(보충역 신규) 산업기능요원 웹 개발자
3553,백엔드 개발자
3554,React Native 모바일 개발자 (Android)
3555,프론트엔드 개발
3556,웹 / 앱 개발자
3557,R&D팀 안드로이드 앱 개발자
3558,Android Mobile Engineer
3559,"Software Engineer, SDK Messaging Flutter/Dart"
3560,ios 개발자
3561,Front-End 개발자 ( React )
3562,자바스크립트 개발자
3563,JAVA 백엔드 파트 개발자
3564,Java 웹서비스 개발자
3565,프론트엔드 개발자
3566,iOS 개발자
3567,프론트엔드 개발자
3568,안드로이드 개발 (Kotlin)
3569,백엔드 개발자
3570,풀스택 개발자
3571,프론트엔드 웹 개발자
3572,프론트엔드 개발자 - 신입
3573,의료용/치과용 3D CAD 소프트웨어 개발
3574,딥러닝 기반 폴리곤 메쉬 프로세싱 모듈 및 알고리즘 개발
3575,QA 엔지니어(QA Engineer)
3576,Flutter 개발자 
3577,[QA]Performance Test Engineer
3578,딥러닝 기반 의료영상 이미지 처리 모듈 및 알고리즘 개발
3579,QA (Test Automation Specialist)
3580,[윙잇] 커머스 백엔드 웹개발자
3581,윈도우 어플리케이션
3582,데이터 분석가 
3583,개발 팀장
3584,안드로이드 개발자
3585,"[윙잇] React, Javascript 커머스 프론트엔드 웹 개발자"
3586,라이브리 서비스 백엔드 개발자
3587,iOS 개발자
3588,DBA
3589,퍼블리싱
3590,모바일 앱개발
3591,IPT/IPCC
3592,프론트엔드개발자
3593,(서울 오피스) 웹서비스/플랫폼 개발자
3594,서버/백앤드 개발자
3595,Software Engineer (Storage/Platform 개발)
3596,백엔드 엔지니어
3597,Android 개발자
3598,(서울 오피스) 캐주얼 게임 클라이언트 프로그래머
3599,iOS 개발자
3600,프론트엔드 엔지니어
3601,Android 개발자
3602,프론트엔드 엔지니어
3603,웹 백엔드 개발자
3604,프론트엔드 개발자
3605,백엔드 엔지니어
3606,PHP 개발자
3607,웹 프론트엔드 개발자
3608,영상 관련 응용 프로그램 개발자
3609,Vision-AI 기술 개발
3610,딥러닝 데이터셋 구축 엔지니어링
3611,Jr. Backend Developer
3612,데이터사이언티스트(석박사)
3613,서버 개발자
3614,Backend Server 개발
3615,Full stack engineer 
3616,SRE엔지니어(DEVOPS/인프라)
3617,웹 프론트엔드 개발자
3618,DBA
3619,검색 엔지니어
3620,웹 프론트엔드 개발자
3621,AI서비스 딥러닝/머신러닝 엔지니어 - 음성 합성
3622,[경영혁신본부] 웹개발(ERP/업무시스템) 직무
3623,Backend Developer
3624,플랫폼 웹개발자
3625,CTO
3626,솔루션 개발자
3627, [마켓컬리] 안드로이드 배송 매니저 앱 개발자
3628,[글램] 백엔드 개발자(Backed Developer)
3629, [마켓컬리] 안드로이드 앱 개발자
3630,QA Engineer
3631,[QA] Automation Engineer
3632, [마켓컬리] iOS 앱개발자
3633,[글램] 매치 백엔드 개발자(Match Backend Developer)
3634,[잡플래닛] 안드로이드개발자
3635,서버 개발자(Back-End)
3636,잡플래닛 iOS 개발자
3637,[마켓컬리] Java 서버 개발자(커머스시스템)
3638,서버 및 응용 어플리케이션 개발
3639,개발운영
3640,Backend Developer (웹 백엔드 개발자)
3641,"Senior, Full-stack Engineer (CMG Tech)"
3642,웹 백엔드 개발자
3643,프로덕트 웹 프론트엔드(React) 개발자
3644,게임엔진 기반 Realtime 서비스 개발자
3645,프로덕트팀 웹 개발자
3646,자바 백엔드 개발
3647,IT Service Developer
3648,서비스 개발
3649,웹 그래픽스 개발자
3650,NLP/인공지능 연구개발
3651,프론트엔드 개발
3652,Solutions Engineer
3653,SRE(Site Reliability Engineer) Junior
3654,"Software Engineer, SDK Messaging Flutter/Dart"
3655,SRE(Site Reliability Engineer) Senior
3656,웹/플랫폼 개발자
3657,빅데이터플랫폼 엔지니어
3658,백엔드 개발 (PHP)
3659,Data Scientist
3660,[놀이의발견] O2O플랫폼 결제/정산 프로세스 개발
3661,[놀이의발견] O2O플랫폼 Front-Web(React) 개발 (Senior)
3662,[놀이의발견] APP API 개발 (Python/Django)
3663,[놀이의발견] 플랫폼 API 개발 (Python/Django)
3664,Back-end Engineer
3665,백오피스 개발자 
3666,AI LABS 리더급
3667,AI서비스 안드로이드 프론트엔드 시니어 개발자 (Android Frontend Senior Developer)
3668,Unity 시니어 개발자
3669,AI서비스 iOS 프론트엔드 시니어 개발자 (iOS Frontend Senior Developer)
3670,AI서비스 딥러닝/머신러닝 엔지니어 - 이미지 합성
3671,Android Developer
3672,[검색/추천] ML Engineer 
3673,iOS Developer
3674,HTML5 게임 클라이언트 개발자
3675,웹 프로트엔드 개발 
3676,Sr. Backend Developer (Fintech) 
3677,블록체인/EOS 개발자
3678,DBA
3679,"웹 서비스 개발자(ASP.Net, C#)"
3680,Windows Client 개발(C# WPF)
3681,화상회의 솔루션 개발자
3682,DevOps Engineer
3683, C#.NET 어플리케이션 개발자
3684,Node.js 서버 개발자
3685,웹 개발자
3686,iOS 앱 개발자
3687,cordova를 이용한 하이브리드 웹앱 개발 가능자
3688,웹 프로그램 개발자
3689,리액트 네이티브 개발자/ React Native Developer
3690,풀스택 개발자
3691,웹 프론트 개발자
3692,백엔드 엔지니어
3693,백앤드 개발자
3694,DevOps Engineer
3695,자사 서비스 품질관리
3696,Cloud Data Architect
3697,Cloud Database Engineer 
3698,"Software Engineer, Android (Messaging SDK)"
3699,"Software Engineer, Data Platform"
3700,QA Engineer
3701,Cloud Infrastructure (DevOps) Engineer
3702,망연계 솔루션 개발자
3703,[FIFA ONLINE 4] Feature Game Server Engineer
3704,"Software Engineer, Front-End "
3705,백엔드 개발자(Node.js) / Backend Developer (Node.js)
3706,안드로이드 개발자
3707,iOS 개발자
3708,GIS 웹 개발자
3709,프론트엔드 엔지니어
3710,프론트엔드 개발자
3711,웹-프로트엔드
3712,Android 앱개발
3713,Agile Coach
3714,이커머스 웹 개발자
3715,백엔드 개발자
3716,Search Developer
3717,C/C++ 개발
3718,iOS 앱개발
3719,PHP 개발자
3720,병특 전문연구요원 개발자
3721,[병역특례 가능] 비대면 헬스케어 플랫폼 SW 개발자
3722,웹 개발자
3723,JAVA 백엔드 개발자 (서버)
3724,백엔드 개발자
3725,안드로이드 앱 개발자
3726,Backend SW engineer (투자운용본부소속)
3727,데이터 엔지니어
3728,Backend SW engineer (개발본부소속)
3729,프론트엔드 웹 개발자
3730,백엔드 개발자
3731,부동산 데이터 파트(Back-end Engineer)
3732,프론트엔드 앱 개발자
3733,플랫폼 서비스 개발 팀원
3734,Frontend SW engineer
3735,CTO팀 인프라보안파트 DevSecOps
3736,Front-end 개발자 (풀스택 가능)
3737,CTO팀 Security Engineer (보안 엔지니어)
3738,Back-end Developer (NodeJS)
3739,Back-end Developer (JAVA)
3740,Front-end Developer
3741,웹서비스 풀스택 개발자
3742,Information Security Engineer
3743,Web Service Developer/Senior
3744,모바일앱개발자
3745,Android Developer
3746,Android 개발자
3747,Web Service Developer/Junior
3748,"Software Engineer, Data Platform"
3749,"Software Engineer, Front-End "
3750,iOS 개발자 
3751,Cloud Database Engineer 
3752,QA Engineer
3753,iOS Mobile Engineer
3754,Solutions Engineer
3755,Cloud Infrastructure (DevOps) Engineer
3756,"Sr Software Engineer, iOS (Messaging SDK)"
3757,블록체인 플랫폼 개발팀: 프론트엔드 개발
3758,블록체인 플랫폼 개발팀: Site Reliability Engineer
3759,웹 프론트엔드 개발자 
3760,STT Engineer
3761,블록체인 플랫폼 개발팀: 백엔드 개발
3762,프론트엔드 개발
3763,웹소설 플랫폼 백엔드 개발자
3764,안드로이드 개발자(신규 브라우저 개발)
3765,[연구개발팀] VAP 서비스 Frontend 개발자
3766,"백앤드, 프론트앤드, 앱(ios, android) R&D"
3767,[독일 또는 한국 근무] 파이썬-장고 서버 개발자
3768,ML Engineer
3769,웹 마스터
3770,백엔드 개발자(Backed Developer)
3771,back-end 개발자 (Django)
3772,자바 백엔드 개발자
3773,풀스택개발자
3774,front-end 개발자
3775,JAVA&백엔드 개발자
3776,퍼블리셔
3777,웹 개발자
3778,iOS 모바일 앱 개발자
3779,백엔드 개발자
3780,백엔드 개발자 (Python)
3781,백엔드 개발자
3782,[Web] Backend 개발자
3783,AI 플랫폼 개발자
3784,"웹개발, 프론트엔드 개발자"
3785,의료 인공지능 SW개발 리드
3786,서버 백엔드 개발자
3787,웹 서비스 개발자
3788,[BLIMP] 백엔드 엔지니어
3789,"안드로이드 & iOS, 프론트엔드 개발자"
3790,[글로벌 B2C 앱] 열정적인 모바일 앱 개발자
3791,클라우드 엔지니어
3792,서버(백엔드) 개발 l 모빌리티
3793,iOS 개발자 (Senior)
3794,[연구개발팀] VAP 서비스 Backend 개발자
3795,iOS 개발자 (Junior)
3796,[연구개발팀] SmartPay 서비스 개발자
3797,웹 Front-end 개발자
3798,의료 인공지능 시니어 리서치 엔지니어 (Medical AI Senior Research Engineer)
3799,백엔드 엔지니어 (Python+Django)
3800,"Backend Engineer (JAVA, Spring) "
3801,카카오/네이버 서비스 연동 서버/백엔드 개발자
3802,프론트엔드 개발자
3803,모바일 앱 프론트엔드 엔지니어 (Flutter)
3804,백엔드 개발자
3805,JAVA 개발자
3806,공공 SI 개발자 PL
3807,실감형 공간 솔루션(VR) 프론트엔드 개발
3808,MLOps Engineer
3809,(보충역 신규) 산업기능요원 서버 개발자
3810,게임 서버 개발자
3811,코어팀 백엔드 개발자
3812,게임 클라이언트 개발자
3813,백엔드 개발자
3814,프로덕트 엔지니어 [Back-end]
3815,Back-end 개발자
3816,"웹 개발자 (풀스택, 프론트, 백엔드)"
3817,프론트엔드 개발자
3818,앱 개발
3819,"소프트웨어 엔지니어( FinOps), Senior Software Engineer (FinOps)"
3820,[VLLO] 개발자채용
3821,프로덕트 엔지니어 [Front-end]
3822,[카카오워크] 서버개발자
3823,iOS 개발자 (산업기능요원 전직/보충역 포함)
3824,백엔드 개발자
3825,데이터 엔지니어
3826,백엔드 개발자 (산업기능요원 전직/보충역 포함)
3827,Datamaker Platform Frontend Engineer
3828,안드로이드 엔지니어(Android App Engineeer)
3829,Cloud 서비스 개발 담당자
3830,"Frontend Engineer 신입/경력 (React or Vue or Angular, Front)"
3831,Backend Engineer 신입/경력 (Java / Spring)
3832,PHP (WordPress) 신입/경력 개발자
3833,백엔드 경력 개발자
3834,웹 프론트엔드 개발자
3835,클라우드 소프트웨어 front-end 개발
3836,프론트엔드 엔지니어
3837,"프론트 및 백엔드, 파이썬 개발자"
3838,Mobile Engineer 신입/경력 (Android / iOS / Flutter) 채용
3839,서버/백엔드 개발자 (병역특례 가능)
3840,Data Scientist
3841,백엔드 개발자
3842,"플랫폼 APP개발자, 서버/웹개발자"
3843,Web Portal 구축 개발자
3844,"시스템 프로그램 C, Shell, IPC 등 / 대외접속 통신프로그램 TCP, FIX"
3845,파이썬 백엔드 개발자
3846,Front-end 엔지니어 개발자(계약직/정규직) 
3847,CJ ENM 커머스부문 IT Front-end/Back-end 개발자 채용
3848,데이터사이언티스트 (수석급)
3849,클라이언트 프로그래머
3850,iOS 개발자
3851,DevOps(AIOps) 개발
3852,서버 프로그래머
3853,웹개발자
3854,DApp 및 Web/Mobile 서비스 개발자
3855,데이터 분석 서비스 구축 및 운영 
3856,[핑퐁] 머신러닝 리서치 사이언티스트
3857,Back-end 개발자
3858,서버 엔지니어(Ruby on Rails)
3859,Backend Engineer
3860,클라우드  서비스 플랫폼 구축 및 운영   
3861,[독일 근무] 머신러닝/컴퓨터 비전 연구원
3862,[독일 또는 한국 근무] React 개발자
3863,Engineering Manager
3864,[독일 또는 한국 근무] iOS 개발자
3865,Client Engineer
3866,서버(백엔드) 개발 [모빌리티]
3867,시니어 프론트엔드 개발자 (Sr. Web Front-end Developer)
3868,프론트앤드 개발자
3869,iOS 앱 개발자
3870,[ios 앱] 유지/보수/개발
3871,[핑퐁] 머신러닝 소프트웨어 엔지니어
3872,퀀트 개발자
3873,웹프로그래머[php/java] 개발자
3874,웹 개발자
3875,React Native 모바일 개발자(iOS)
3876,웹 서비스 개발자
3877,백엔드 개발자 (팀장급)
3878,시스템 엔지니어
3879,웹 개발자
3880,iOS 앱 개발자
3881,React Engineer
3882,차장급 개발자
3883,과장급 개발자
3884,프론트엔드 개발자
3885,전광판 프로그램 개발 및 유지보수
3886,영상 보안 코어 연구/개발
3887,서버 개발자
3888,웹 서비스 개발자
3889,"영상보안 프론트엔드 개발, 수행"
3890,"영상보안 백엔드 개발, 수행"
3891,영상보안 관련 인공지능/컴퓨터비전 연구/개발
3892,백엔드 개발자(판교 연구소)
3893,Python 백엔드 개발자
3894,서버 개발자
3895,이러닝 웹 솔루션 개발자
3896,"AI 연구 개발, 서비스 개발"
3897,웹/앱 리액트/리액트 네이티브 개발자
3898,안드로이드 앱 개발자
3899,프론트엔드 웹 개발자
3900,iOS 앱 개발자
3901,백엔드 웹 개발자
3902,이러닝 웹 솔루션 개발자 – 시니어
3903,Windows 어플리케이션 개발자
3904,DevOps 엔지니어
3905,프론트엔드 개발자
3906,웹 풀스택 개발자
3907,안드로이드 앱 개발자
3908,프론트엔드 엔지니어(Front-end)
3909,Senior Linux App 개발자
3910,프론트엔드 개발자
3911,풀스택 개발자(Full-stack Developer)
3912,시니어 백엔드 엔지니어(Back-end)
3913,백엔드 엔지니어(Back-end)
3914,Datamaker Platform Python Engineer
3915,프론트엔드 엔지니어(리더급)
3916,인공지능 연구소 딥러닝 연구개발
3917,프론트엔드 엔지니어 (주니어)
3918,"주니어 백엔드 엔지니어(산업기능요원 보충역, 전직)"
3919,주니어 백엔드 엔지니어
3920,이더리움 스마트 컨트렉트 개발자
3921,프론트엔드 엔지니어
3922,데이터 엔지니어
3923,Datamaker Platform Backend Engineer
3924,DevOps 엔지니어
3925,PHP 엔지니어
3926,백엔드 엔지니어
3927,추천 엔지니어
3928,백엔드 엔지니어
3929,인프라 엔지니어
3930,안드로이드 앱 엔지니어
3931,데이터 엔지니어
3932,웹 프론트엔드 엔지니어 (React)
3933,DevOps
3934,백엔드 엔지니어
3935,데이터분석가
3936,CTO 채용
3937,검색 엔지니어
3938,서버 엔지니어
3939,프론트엔드 
3940,개발 리드
3941,시니어 프론트엔드 엔지니어
3942,백엔드 엔지니어
3943,백엔드
3944,모바일 앱개발자
3945,System Engineer
3946,데이터 엔지니어(Python)
3947,데이터 엔지니어링 리드(Python)
3948,GIS 웹 엔지니어
3949,웹 개발 경력자
3950,프론트엔드 엔지니어
3951,블록체인 솔루션 개발자
3952,Atlassian 솔루션 엔지니어
3953,글로벌 게임회사 산업기능요원(보충역)_서버개발자
3954,프론트엔드 개발자(React.js)
3955,앱/웹 개발자
3956,백엔드 개발자(PHP)
3957,머신러닝 엔지니어
3958,프론트엔드 개발자(Vue.js)
3959,프론트엔드 엔지니어
3960,프론트엔드 개발자
3961,백엔드 개발자
3962, 시니어 웹 프론트엔드 개발자 (Web Front-end)
3963,DevOps엔지니어
3964,Android 개발자 
3965,안드로이드 엔지니어
3966,프론트엔드 엔지니어
3967,데이터 엔지니어
3968,iOS 엔지니어
3969,백엔드 엔지니어
3970,웹/앱 프론트 개발자
3971,DevOps 엔지니어
3972,프론트엔드 개발자 (산업기능요원 전직/보충역 포함)
3973,네트워크 엔지니어
3974,Backend Developer
3975,데이터 엔지니어
3976,DevOps Engineer
3977,Data Analyst
3978,"Messenger 백엔드개발자(Java Kotlin, Websocket) "
3979,[숨고] Back-end Engineer (Python)
3980,Frontend Developer
3981,Android Developer
3982,DevOps Lead
3983,Data Engineer
3984,iOS Developer
3985,백엔드 서버 개발자(Back-end)
3986,프론트엔드 개발자
3987,서버(node.js/javascript) 백엔드 개발자
3988,백엔드 엔지니어
3989,실감형 공간 솔루션(VR) 엔진개발/클라이언트개발
3990,QA Tester
3991,프론트앤드 개발자
3992,실감형 공간 솔루션(VR) 백엔드 개발/Golang
3993,웹 서비스 개발자
3994,PHP 웹개발자
3995,[NLU팀]인공지능(AI) 서비스 백엔드(Back-end) 개발자
3996,Node.js 백엔드 개발자 / Back-end Engineer
3997,[음성합성팀] 백엔드(Back-end) 개발자
3998,키즈노트 백엔드 개발자
3999,데이터거버넌스 솔루션 엔진/서버 개발자
4000,베트남 타겟 광고 플랫폼 앱 개발 유질 보수 및 운영
4001,(대전) C++/Qt 소프트웨어 개발자
4002,블록체인 코어 개발팀: Blockchain Core 개발
4003,Technical Architect
4004,잔돈투자 티클 프론트엔드 개발자 
4005,Software Architect
4006,Storage Engineer
4007,[제주지사] 백엔드 개발자 (Web Backend Developer)
4008,메시징 서버 개발자
4009, [제주지사] 신입 백엔드 개발자 (Web Backend Developer)
4010,[트립스토어] 프론트엔드 개발자
4011,데이터베이스 소프트웨어 개발자(C / C++)
4012,프론트엔드 시니어 개발자
4013,웹 페이지 개발
4014,웹 백엔드 프로그래머 모집
4015,데이터 엔지니어
4016,게임 클라이언트 개발자 (Unity) 전문연구요원
4017,시공서비스 Backend Developer
4018,자연어처리 개발자 (AI R&D)
4019,DevOps Engineer
4020,물류배송 Backend Developer
4021,Web Frontend 개발자
4022,콘텐츠 Backend Developer 
4023,데이터 엔지니어 (백엔드 개발)
4024,Machine Learning Engineer
4025,웹 프론트엔드 개발자
4026,AI Developer
4027,Data Engineer (신입/경력)
4028,Front-end Engineer
4029,Back-end Engineer (Python)
4030,프론트엔드
4031,AI영상면접 Frontend Developer
4032,AI Researcher / Engineer 
4033,Back-end Software Engineer (Java)
4034,모바일 앱 개발자
4035,로봇 관제 서비스 Backend 개발자
4036,서버개발자 (Server Developer)
4037,B2B 오픈마켓 PHP 개발자
4038,Vrew 데스크탑 앱 개발자
4039,Front-end Software Engineer (React)
4040,B2B 유통관리 플랫폼 PHP 개발자
4041,음성인식 엔진 개발
4042,자바 개발자 모집
4043, 클라우드 관리시스템 개발 및 운영
4044,Front-end 개발자 (Vue.js)
4045,시니어 웹 개발자 (Vue.js)
4046,백엔드 개발자 (Java)
4047,Android Developer
4048,프론트엔드 개발자
4049,풀스택 웹 애플리케이션 개발자
4050,인공지능 연구원
4051,백엔드 개발자 (Node.js)
4052,서버 개발자 (Java)
4053,Android 개발자
4054,Scripter
4055,클라이언트 프로그래머
4056,iOS 개발자
4057,Flutter 개발자
4058,iOS 개발자
4059,웹퍼플리셔 (Front-end)
4060,데이터 분석 컨설턴트
4061,"Native App 개발자(AOS,iOS)"
4062,Web Frontend 개발자
4063,Software Engineer_Search
4064,백엔드 개발자
4065,DevOps Engineer
4066,JAVA WEB/Mobile 개발자
4067,SRE(클라우드 파트)
4068,Site Reliability Engineer (SRE)
4069,웹개발자
4070,Software Engineer
4071,"Senior, Data Engineer (Fresh Process)"
4072,블록체인 개발자
4073,"웹, 앱, 서버 개발 총괄자"
4074,프론트엔드 개발자
4075,풀스택 개발자
4076,백엔드 개발자
4077,QA엔지니어
4078,안드로이드 개발자
4079,백엔드 개발자
4080,iOS 개발자
4081,백엔드 개발자
4082,데이터분석가
4083,프론트엔드 개발자
4084,광고플랫폼 개발자
4085,JAVA 웹개발자(병역특례가능)
4086,검색서비스 개발자
4087,데이터엔지니어
4088,DevOps 엔지니어
4089,웹 프론트엔드 개발자
4090,백엔드 엔지니어
4091,데이터 관리/분석 담당자
4092,서버개발자
4093,데이터 분석가
4094,솔루션Web(Front-End) 개발자
4095,AI 엔지니어
4096,백엔드 서버 개발자 
4097,Frontend Developer
4098,웹 프론트 개발자
4099,웹 프론트엔드 개발자
4100,Senior Backend Software Engineer
4101,[클라우드플랫폼] Web UI 개발자
4102,AI 모바일 앱 서비스 CTO (혹은 개발팀장)
4103,QA
4104,개발운영/기술응대 (재택근무 가능)
4105,Backend 개발자
4106,웹 서비스 JAVA 개발자
4107,결제 시스템 JAVA 개발자
4108,[브러쉬몬스터] 웹 프론트엔드 개발자
4109,PG SYSTEM JAVA 개발
4110,[브러쉬몬스터] 백엔드 개발자
4111,[브러쉬몬스터] 유니티 개발자
4112,"Sr. Manager, Back-end Engineering (Query Understanding)"
4113,Software Engineer (Query Understanding)
4114,"Senior, Back-end/Front-end Engineer (AD Tech)"
4115,QA Engineer
4116,웹 백엔드 개발
4117,[도너스] SaaS 프론트엔드 개발자
4118,안드로이드 개발자
4119,신입 개발자 채용
4120,[도너스] SaaS 백엔드 개발자
4121,React Native Software Engineer
4122,"ERP, WMS, MES 개발/운영"
4123,"Software Engineer, Voice & Video (Client Android)"
4124,프론트엔드 개발자
4125,솔루션 / 서비스 개발자
4126,QA 담당자
4127,IOS개발자
4128,웹퍼블리셔 (계약 1년)
4129,빅데이터 개발자
4130,데이터 엔지니어
4131,스포츠 기록 플랫폼 개발
4132,프론트엔드 엔지니어
4133,DevOps Engineer
4134,Sr. Frontend Developer
4135,Front-end Developer
4136,Android 개발자
4137,Sr. Backend Developer
4138,iOS 개발
4139,"백엔드 서버 개발자(Node.js, TypeScript)"
4140,스마트 컨트랙트 개발
4141,"Back-end 엔지니어 (NodeJS, NestJS, Express)"
4142,"Front-end 엔지니어 (React, React Native, Javascript)"
4143,"Android 엔지니어(Kotlin, RxKotlin, MVVM)"
4144,프론트엔드 개발자 채용
4145,AI영상면접 Server Developer
4146,Frontend Developer
4147,응용프로그램 및 웹 개발자 모집
4148,프론트엔드 개발자
4149,데이터 엔지니어
4150,AI영상면접 Android Developer
4151,백엔드 엔지니어
4152,iOS 개발자
4153,사내 시스템 개발자
4154,백엔드 서버 개발자
4155,백엔드 개발자(빅데이터 플랫폼)
4156,소프트웨어 개발자
4157,데브옵스 엔지니어
4158,Back-end(Java-Spring) 엔지니어 개발자(계약직/정규직)
4159,AI 엔지니어
4160,서버(Server) 개발자
4161,Frontend Software Engineer
4162, Backend Software Engineer
4163,인공지능/빅데이터/검색엔진 소프트웨어 개발자
4164,Data Product 개발자 (Data Platform)
4165,서버 개발자
4166,웹(Web) 개발자
4167,프론트엔드 개발자
4168,[트립스토어] 서버 개발자
4169,Svelte React 웹 프론트 개발자
4170,R&D Deep Learning S/W Engineer
4171,커머스 Backend Developer
4172,백엔드 개발자 
4173,어트랙트 자바 백엔드 개발자
4174,풀스택 리더 개발자 
4175,Client developer 개발자
4176,DevOps 개발자
4177,Image processing 개발자
4178,프론트엔드 개발자
4179,Machine learning 개발자
4180,Solutions Architect
4181,Back-end  개발자
4182,Front-end Engineer 
4183,시스템 서버 구축 및 System integration
4184,[링크샵스] 엔지니어 리더
4185,Data Lead
4186,iOS 개발자
4187,Java 백엔드 개발자
4188,서버 개발자
4189,안드로이드 개발자
4190,검색 프론트엔드 엔지니어 (전문연구요원 가능)
4191,빌링팀 백엔드 개발자
4192,iOS 개발자
4193,iOS 개발리드
4194,프론트엔드 개발자
4195,퍼블리셔
4196,iOS 개발자
4197,데이터 엔지니어
4198,데이터 분석가
4199,DevOps 엔지니어
4200,AI 개발자
4201,웹 서비스 개발자
4202,IT System Engineer
4203,PHP 웹 개발자(병역특례가능)
4204,프론트엔드 웹개발자(병역특례가능)
4205,백엔드 개발자(backend developer)
4206,프로덕트 개발 리더
4207,아프리카TV 광고서버 코어 개발 및 운영
4208,iOS 앱 개발자 (iOS App Developer)
4209,Android 개발자
4210,딥러닝 개발자
4211,프론트엔드 개발(Frontend Developer)
4212,oracle goldengate 엔지니어
4213,웹개발(JAVA)
4214,프론트엔드 개발자
4215,아프리카TV 데이터 분석
4216,프론트엔드 개발자 (Frontend Engineer)
4217,백엔드 개발자 (Backend Engineer)
4218,Unity 개발자
4219,iOS Engineer
4220,프론트엔드 엔지니어
4221,[AI/Lab] Recommender System 리서치 엔지니어
4222,[모아커머스] 백엔드 엔지니어 (전문연구요원 가능)
4223,검색 백엔드 엔지니어 (전문연구요원 가능)
4224,안드로이드 개발
4225,[지식그래프] 데이터 파이프라인 플랫폼 개발자 영입
4226,안드로이드 앱 개발자
4227,백엔드 엔지니어
4228,공통 플랫폼 개발자
4229,iOS 앱 개발자
4230,시스템 엔지니어
4231,시공서비스 Web Frontend Developer
4232,QA
4233,자바 백엔드 개발자
4234,"앱개발_iOS, Android "
4235,DBA(Database Admin)
4236,트레이딩 시스템 개발자
4237,프론트엔드 개발
4238,백엔드 개발
4239,DBA
4240,Front-end Engineer
4241,클라우드 엔지니어
4242,머신러닝 엔지니어 (NLP/추천시스템) [산업기능요원 가능]
4243,ERP 개발 및 운영 (C# .NET)
4244,데이터 엔지니어
4245,자바 백엔드 개발자
4246,서버개발자
4247,딜리버리 사업부C#(Winform) 개발자
4248,iOS 개발자 (신입/경력)
4249,안드로이드 개발자 (신입/경력)
4250,딜리버리 사업부 Android 개발자
4251,[Coupang Tech] Marketplace & Retail Tech Software Engineer
4252, Backend Software Engineer
4253,백엔드 개발자
4254,Back End (Node.js) 개발자
4255,플랫폼 앱(iOS/Android) 개발자
4256,.net 프로그래머
4257,[나우웨이팅] 데이터 엔지니어
4258,플랫폼 웹 개발자
4259,[윌라] 백엔드 개발자
4260,앱 개발자 
4261,엔젤리그 백엔드 엔지니어
4262,PHP 개발자
4263,[모바일 본부] 서버 개발자
4264,엔젤리그 프론트개발자
4265,안드로이드 개발자
4266,프론트엔드 개발자
4267,[비트나인] JAVA개발자
4268,[쿠팡 테크] Back-end Engineer for SCM System (Java & Spring Framework)
4269,[클라우드플랫폼] 빅데이터 플랫폼 엔지니어
4270,프론트엔드 개발자 / Frontend Developer
4271,게임 클라이언트 개발자 (Unity)
4272,"소프트웨어 엔지니어 (Front-end, Back-end)"
4273,"[산업기능요원 전직/보충역] 소프트웨어 엔지니어 (Front-end, Back-end)"
4274,풀스택 개발자 (PHP)
4275,[홈쇼핑모아] iOS 클라이언트 엔지니어
4276,JAVA 개발자
4277,Back-end Engineer
4278,[홈쇼핑모아] iOS 클라이언트 엔지니어(신입)
4279,Front-end Mobile Engineer
4280,Android 개발자
4281,Sr. Data Engineer
4282,Web Front-end Engineer
4283,Product Owner (추천&검색)
4284,커머스 Android Developer
4285,콘텐츠 Android Developer
4286,커머스 iOS Developer
4287,검색&추천 소프트웨어 엔지니어
4288,Infra-System Engineer
4289,DBA
4290,콘텐츠 iOS Developer
4291,Frontend Software Engineer (AI)
4292,Junior Backend Software Engineer
4293,웹 개발자
4294,(재택/유연근무 가능)플랫폼사업팀 개발파트 프론트엔드 개발자
4295,웹 보안 솔루션 개발
4296,(재택/유연근무 가능) 플랫폼사업팀 개발파트 Back-end/Infra 개발자 
4297,콘텐츠 Web Frontend Developer
4298,클라우드기반 의료플랫폼 AI(영상/음성/텍스트 인식 등)개발자
4299,커머스 Web Frontend Developer
4300,[클라우드플랫폼] 어플리케이션 서버 개발자
4301,파이썬 백엔드 개발자
4302,파이썬 소프트웨어 엔지니어
4303,"[클라우드서비스] APAAS 개발자(서버, 프론트)"
4304,[클라우드 서비스] 프론트엔드 개발
4305,[클라우드플랫폼] 클라우드 인프라 엔지니어
4306,[클라우드플랫폼] 클라우드 환경 결제 시스템 개발자
4307,[클라우드서비스] 네트워크 개발자
4308,[클라우드플랫폼] 분산 스토리지 서비스 개발자
4309,웹 어플리케이션 개발자
4310,백엔드 개발자(Node.js)
4311,백엔드 개발자
4312,[클라우드서비스] 클라우드 서비스(IaaS) 개발
4313,DevOps 엔지니어
4314,안드로이드 개발자
4315,iOS 개발자
4316,프론트엔드 개발자
4317,웹 퍼블리싱 및 프론트개발
4318,Sr iOS Developer 
4319,[AI/Lab] AI 백엔드 엔지니어 (마케팅 분야)
4320,"e-HR 시스템 분석/설계, 사업관리 (PL, PM)"
4321,빅데이터 분석 및 기획
4322,ReactNative 앱 개발자
4323,챗봇 서비스 검색엔진(Python) 개발자
4324,QA 엔지니어
4325,"백엔드 개발자(JAVA,SPRING) / Backend Developer (JAVA,SPRING)"
4326,프롭테크 서비스 어플리케이션 개발 (iOS/Android) 
4327,Data Scientist 
4328,Data Engineer
4329,Business Intelligence Engineer
4330,백엔드 개발
4331,iOS 개발자
4332,백엔드 개발자
4333,[윌라] iOS 앱 개발자
4334,[윌라] 프론트엔드 개발자
4335,[넷마블컴퍼니 잼팟] WPL게임서비스 서버 개발자 
4336,백엔드 개발(IoT 솔루션)
4337,[윌라] 안드로이드 앱 개발자
4338,백엔드 개발자
4339,[데이터 플랫폼] 데이터 엔지니어 (전문연구요원 가능)
4340,[AI Lab] AI 백엔드 엔지니어 (전문연구요원 가능)
4341,[모아커머스] 프론트엔드 엔지니어 (전문연구요원 가능)
4342,FrontEnd 개발자
4343,FullStack 개발자
4344,e-HR 패키지 구현 (JaDE PM)
4345,"iOS, AOS 네이티브 앱 개발자"
4346,Android 엔지니어
4347,3D Computer Vision Engineer 
4348,DevOps Engineer
4349,백엔드 개발자
4350,안드로이드 기반 자바 개발자
4351,서버 / 백엔드 파이썬 python 개발자
4352,AI Scientist
4353,프론트엔드 개발자 
4354,리액트 네이티브 개발자
4355,프론트엔드 개발자
4356,모바일 앱 개발자 (Flutter)
4357,Back End 개발자
4358,iOS Software Engineer
4359,의료영상 및 정보 솔루션 개발(PACS)
4360,nodejs 백엔드 개발자
4361,프론트엔드 react 개발자
4362,DevOps (Infra) Engineer
4363,항공 서비스 개발 리더
4364,Database Engineer (DBA)
4365,보드게임 서버개발자
4366,웹 개발자/앱 개발자/백엔드 개발자/펌웨어(소프트웨어/하드웨어) 개발자
4367, 개발팀 iOS 개발자
4368,프론트엔드 개발자
4369,Back-end 개발자
4370,안드로이드 앱개발 
4371,[CAN Lab] iOS 개발
4372,DeFi 개발자
4373,[CAN Lab] Frontend 개발자
4374,Dev Ops 엔지니어
4375,데브옵스 엔지니어
4376,데이터 엔지니어
4377,AOS개발자
4378, Back-end 개발자
4379,iOS 개발자
4380,[토스뱅크팀] Core Banking Developer
4381,안드로이드 개발
4382,웹 프론트엔드 개발자 (React)
4383,Backend 개발자
4384,Database engineer 
4385,웹개발 담당자
4386,[나우웨이팅] 프론트엔드 엔지니어
4387,iOS Software Engineer
4388,[나우웨이팅] 백엔드 엔지니어
4389,QA Engineer
4390,반도체 장비자동화 개발자
4391,백엔드 개발자
4392,[Kotlin] 안드로이드 프론트엔드 개발자
4393,음식 분석 AI 개발자(경력)
4394,프론트 엔드 / 웹편집기 개발자
4395,프론트 엔드 주니어 개발자
4396,음식 분석 AI 개발자(주니어)
4397,Backend Developer (산업기능요원)
4398,[오디오 테크] Media Software Engineer
4399,프론트 엔드 시니어 개발자
4400,안드로이드 앱 개발자
4401,[토스페이먼츠] Server Developer
4402,데이터 엔지니어
4403,프론트엔드 개발자
4404,웹 프론트엔드 엔지니어 
4405,FE 개발자
4406,서버/인프라 개발자
4407,"Back-end Engineer (Python, 3년 이상)"
4408,iOS 개발자
4409,프론트엔드 개발자
4410,"Junior Software Engineer, iOS (Messaging SDK)"
4411,백엔드 개발자
4412,프론트 앱 개발자
4413,"Senior Software Engineer, iOS Messaging SDK"
4414,Software Engineer - Backend
4415,Software Engineer - Frontend
4416,Frontend Software Engineer (유픽)
4417,DBA 담당자
4418,플랫폼 개발 담당자
4419,[전기아이피] 서버개발자
4420,클라우드 운영(개발) 담당자
4421,[전기아이피] 게임 QA
4422,Data Engineer 담당자
4423,[전기아이피] DBA 담당자
4424,[전기아이피] 프론트 개발자
4425,머신러닝 개발자 (병역특례 가능)
4426,DevOps Engineer
4427,런처 개발자
4428,서비스 개발자 [API 서버]
4429,QA 담당자
4430,"iOS, Android Engineer"
4431,C# 프로그램 개발자
4432,클라이언트 개발자 
4433,서버 개발자 
4434,Software Engineer (Recommendations)
4435,자연어처리 엔지니어(전문연구요원 복무 가능)
4436,[숨고] Front-end Engineer (Javascript)
4437,백엔드 개발자
4438,Full Stack 개발자
4439,Web Developer(Python)
4440,[숨고] Mobile App Engineer (iOS/React Native/React)
4441,백엔드 엔지니어(전문연구요원 복무 가능)
4442,컴퓨터 비전 연구자(전문연구요원 복무 가능)
4443,프론트엔드 개발자 (상반기 경력직 채용)
4444,백엔드 개발자 (상반기 경력직 채용)
4445,백엔드 주니어 개발자
4446,모바일 앱 개발자 (React Native) 
4447,웹 프론트엔드 개발자
4448,웹 프론트엔드 개발자 
4449,"백엔드 개발자 (JAVA, SPRING)"
4450,백엔드 개발자
4451, 프론트엔드 개발자 (React.js)
4452,백엔드 시니어 개발자
